,index,Ligand,ligand_id,Confg,substrate,substrate_id,boron reagent,boronreagent_id,%top,temp,ddG,category,fold
0,2,C1(CCCC2)=C2C=CC(P(C3=CC=CC=C3)C4=CC=CC=C4)=C1C5=C6CCCCC6=CC=C5P(C7=CC=CC=C7)C8=CC=CC=C8,L1.21,2,CC(C)C1=CC(=O)N(Cc2ccccc2)C1,184,Cc1ccc(B(O)O)cc1,12,1.0,50,-12.34556651,0,1
1,125,C12=CC=CC=C1C=CC(P(C3=CC=CC=C3)C4=CC=CC=C4)=C2C5=C(C=CC=C6)C6=CC=C5P(C7=CC=CC=C7)C8=CC=CC=C8,L1.18,1,O=C1C=CCC1,6,F[B-](F)(F)c1ccccc1.[K+],1,98.5,100,12.982147179797291,1,1
2,264,CC([P@@](C)C1=NC2=CC=CC=C2N=C1[P@@](C(C)(C)C)C)(C)C,L1.68,0,O=C1C=CCCC1,0,CCO[B-](OC(C)C)(OC(C)C)c1ccc(Cl)cc1.[Li+],54,0.5,60,-14.66144387,0,0
3,169,C12=CC=CC=C1C=CC(P(C3=CC=CC=C3)C4=CC=CC=C4)=C2C5=C(C=CC=C6)C6=CC=C5P(C7=CC=CC=C7)C8=CC=CC=C8,L1.1,2,CC(=O)/C=C/CCC(C)=O,275,OB(O)c1ccccc1,7,3.0,95,-10.63963974,0,3
4,184,C12=CC=CC=C1C=CC(P(C3=CC=CC=C3)C4=CC=CC=C4)=C2C5=C(C=CC=C6)C6=CC=C5P(C7=CC=CC=C7)C8=CC=CC=C8,L1.1,2,CC1=CC(=O)c2ccccc2C1=O,53,OB(O)c1ccccc1,7,0.5,50,-14.22135851,0,7
5,245,CC(C)OC(C=C1)=CC(C1=CC=C2P(C3=CC=CC=C3)C4=CC=CC=C4)=C2C5=C(P(C6=CC=CC=C6)C7=CC=CC=C7)C=CC8=CC=C(OC(C)C)C=C85,L1.9,2,O=C1C=CCCC1,0,OB(O)c1ccccc1,7,2.0,100,-12.07386304,0,5
6,285,CC1=CC(P(C2=C(C3=CC=CC=C3C=C2)C4=C5C=CC=CC5=CC=C4P(C6=CC=CC=C6)C7=CC=CC=C7)C8=CC(C)=C(C(C)=C8)OC)=CC(C)=C1OC,L1.20,1,C/C=C\P(=O)(OCC)OCC,197,c1ccc(B2OB(c3ccccc3)OB(c3ccccc3)O2)cc1,13,96.0,100,9.859496001,1,6
7,480,[C@H]1(P(C2=CC=CC=C2)C3=CC=CC=C3)C[C@H]4[C@@H](P(C5=CC=CC=C5)C6=CC=CC=C6)C[C@@H]1C4,L1.67,0,O=C1C=CCCCC1,15,OB(O)c1cccc2ccccc12,24,2.5,50,-9.842777871,0,0
8,473,[C@H]1(C2=CC=CC=C2)C(CP(C3=CC=CC=C3)C4=CC=CC=C4)([C@H]1C5=CC=CC=C5)CP(C6=CC=CC=C6)C7=CC=CC=C7,L1.103,0,O=C1C=CCC1,6,OB(O)c1ccccc1,7,52.5,50,0.2688911355261758,1,3
9,414,FC1=CC(P(C2=CC(F)=C(F)C(F)=C2)C3=C(C4=C5OCCOC5=CC=C4P(C6=CC(F)=C(F)C(F)=C6)C7=CC(F)=C(F)C(F)=C7)C8C(OCCO8)C=C3)=CC(F)=C1F,L1.34,2,O=C1C=CCO1,109,OB(O)c1ccccc1,7,7.0,20,-6.304406276,0,6
10,179,C12=CC=CC=C1C=CC(P(C3=CC=CC=C3)C4=CC=CC=C4)=C2C5=C(C=CC=C6)C6=CC=C5P(C7=CC=CC=C7)C8=CC=CC=C8,L1.1,2,CC(C)(C)OC(=O)/C=C1/C(=O)N(Cc2ccccc2)c2ccccc21,190,OB(O)c1ccccc1,7,15.0,75,-5.020835886,0,3
11,398,FC(C1=CC(P(C2=CC(C(F)(F)F)=CC(C(F)(F)F)=C2)C3=C(C4=C5OCCOC5=CC=C4P(C6=CC(C(F)(F)F)=CC(C(F)(F)F)=C6)C7=CC(C(F)(F)F)=CC(C(F)(F)F)=C7)C8C(OCCO8)C=C3)=CC(C(F)(F)F)=C1)(F)F,L1.33,2,O=C1C=CC(=O)N1Cc1ccccc1,174,OB(O)c1ccccc1,7,26.0,50,-2.810171397,0,7
12,320,COC1=CC(P(C2=CC=CC=C2)C3=CC=CC=C3)=C(C4=C(OC)N=C(OC)C=C4P(C5=CC=CC=C5)C6=CC=CC=C6)C(OC)=N1,L1.54,1,O=C1C=CCCCC1,15,OB(O)c1ccccc1,7,99.0,100,14.25575783385418,1,7
13,273,CC([P@@](C)C1=NC2=CC=CC=C2N=C1[P@@](C(C)(C)C)C)(C)C,L1.68,0,CC(=O)/C=C/C(C)C,12,OB(O)c1ccccc1,7,99.5,40,13.781273146340617,1,2
14,379,FC(C(C=C1)=CC=C1P(C2=CC=C(C(F)(F)F)C=C2)C3=C(C4=C5OCCOC5=CC=C4P(C6=CC=C(C(F)(F)F)C=C6)C7=CC=C(C(F)(F)F)C=C7)C8C(OCCO8)C=C3)(F)F,L1.32,2,O=C1C=CCC1,6,OB(O)c1ccccc1,7,6.0,20,-6.706176965,0,6
15,314,COC1=CC(P(C2=CC=CC=C2)C3=CC=CC=C3)=C(C4=C(OC)N=C(OC)C=C4P(C5=CC=CC=C5)C6=CC=CC=C6)C(OC)=N1,L1.54,1,O=C1C=CCCC1,0,OB(O)c1ccc(F)cc1,21,98.0,100,12.073863035611195,1,2
16,210,C12=CC=CC=C1C=CC(P(C3=CC=CC=C3)C4=CC=CC=C4)=C2C5=C(C=CC=C6)C6=CC=C5P(C7=CC=CC=C7)C8=CC=CC=C8,L1.1,2,O=c1ccoc2ccccc12,28,OB(O)c1ccccc1,7,1.5,70,-11.93842638,0,4
17,242,CC(C(C)=C(C)C=C1P(C2=CC=CC=C2)C3=CC=CC=C3)=C1C4=C(P(C5=CC=CC=C5)C6=CC=CC=C6)C=CC7=CC=CC=C74,L1.24,1,O=C1C=CCCC1,0,COc1cccc(B(O)O)c1,18,99.0,100,14.25575783385418,1,6
18,105,C12=CC=CC=C1C=CC(P(C3=CC=CC=C3)C4=CC=CC=C4)=C2C5=C(C=CC=C6)C6=CC=C5P(C7=CC=CC=C7)C8=CC=CC=C8,L1.18,1,CC(C)OC(=O)/C=C/c1ccccc1,126,Cc1ccc(B(O)O)cc1,12,89.0,100,6.486250575,1,0
19,148,C12=CC=CC=C1C=CC(P(C3=CC=CC=C3)C4=CC=CC=C4)=C2C5=C(C=CC=C6)C6=CC=C5P(C7=CC=CC=C7)C8=CC=CC=C8,L1.18,1,O=C1C=CCCO1,110,OB(O)c1ccc(F)cc1,21,98.5,100,12.982147179797291,1,1
20,141,C12=CC=CC=C1C=CC(P(C3=CC=CC=C3)C4=CC=CC=C4)=C2C5=C(C=CC=C6)C6=CC=C5P(C7=CC=CC=C7)C8=CC=CC=C8,L1.18,1,CCOC(=O)/C=C/CNC(=O)OCc1ccccc1,102,OB(O)c1ccc(Cl)cc1,22,94.0,100,8.536278132740168,1,4
21,33,C12=CC=CC=C1C=CC(P(C3=CC=CC=C3)C4=CC=CC=C4)=C2C5=C(C=CC=C6)C6=CC=C5P(C7=CC=CC=C7)C8=CC=CC=C8,L1.18,1,O=C1C=CCC1,6,C/C=C(\C)B1Oc2ccccc2O1,92,97.5,100,11.365720446897749,1,3
22,191,C12=CC=CC=C1C=CC(P(C3=CC=CC=C3)C4=CC=CC=C4)=C2C5=C(C=CC=C6)C6=CC=C5P(C7=CC=CC=C7)C8=CC=CC=C8,L1.18,1,CCCCC/C=C/C(=O)NCc1ccccc1,185,OB(O)c1ccccc1,7,95.5,100,9.477889153,1,3
23,153,C12=CC=CC=C1C=CC(P(C3=CC=CC=C3)C4=CC=CC=C4)=C2C5=C(C=CC=C6)C6=CC=C5P(C7=CC=CC=C7)C8=CC=CC=C8,L1.1,2,CC(C)(C)OC(=O)/C=C1/C(=O)N(Cc2ccccc2)c2ccccc21,190,OB(O)c1cccc(Cl)c1,8,5.0,40,-7.665932565,0,3
24,167,C12=CC=CC=C1C=CC(P(C3=CC=CC=C3)C4=CC=CC=C4)=C2C5=C(C=CC=C6)C6=CC=C5P(C7=CC=CC=C7)C8=CC=CC=C8,L1.18,1,CC(=O)/C=C/C(C)C,12,OB(O)c1ccccc1,7,98.5,100,12.982147179797291,1,9
25,354,C[C@H](P(C1=CC=CC=C1)C2=CC=CC=C2)[C@H](C)P(C3=CC=CC=C3)C4=CC=CC=C4,L1.66,0,C/C(=C\S(=O)(=O)c1ccccn1)c1ccc(Cl)cc1,250,OB(O)/C=C/Cc1ccccc1,138,94.0,100,8.536278132740168,1,4
26,255,CC([P@@](C#CC1=CC=CC=C1)CC[P@](C#CC2=CC=CC=C2)C(C)(C)C)(C)C,L1.72,0,CC(=O)/C=C/C(C)C,12,OB(O)c1ccccc1,7,1.5,40,-10.89470559,0,3
27,289,CC1=CC(P(C2=CC(C)=C(OC)C(C)=C2)C3=C(C4=C(C=CC=C5)C5=CC=C4P(C6=CC(C)=C(OC)C(C)=C6)C7=CC(C)=C(OC)C(C)=C7)C8=CC=CC=C8C=C3)=CC(C)=C1OC,L1.5,2,O=C1C=CCCN1Cc1ccccc1,177,Fc1ccc(B2OB(c3ccc(F)cc3)OB(c3ccc(F)cc3)O2)cc1,28,3.0,80,-10.20613547,0,4
28,40,C12=CC=CC=C1C=CC(P(C3=CC=CC=C3)C4=CC=CC=C4)=C2C5=C(C=CC=C6)C6=CC=C5P(C7=CC=CC=C7)C8=CC=CC=C8,L1.18,1,O=C1C=CCCC1,0,CC(C)(C)/C=C/B1Oc2ccccc2O1,100,96.0,100,9.859496001,1,5
29,261,CC([P@@](C)C1=NC2=CC=CC=C2N=C1[P@@](C(C)(C)C)C)(C)C,L1.68,0,O=C1C=CCCC1,0,CC(C)O[B-](OC(C)C)(OC(C)C)c1cccc(C(F)(F)F)c1.[Li+],41,1.5,60,-11.59051945,0,8
30,459,N=C(N)NCC1=CC=C(C(C2=C(C=CC(CNC(N)=N)=C3)C3=CC=C2P(C4=CC=CC=C4)C5=CC=CC=C5)=C(P(C6=CC=CC=C6)C7=CC=CC=C7)C=C8)C8=C1,L1.14,2,CCCCC/C=C/C(C)=O,19,OB(O)c1ccccc1,7,9.5,100,-6.99292005,0,8
31,24,C12=CC=C3C(C(C4=C(C=C(OCCOCCO2)C=C5)C5=CC=C4P(C6=CC=CC=C6)C7=CC=CC=C7)=C(P(C8=CC=CC=C8)C9=CC=CC=C9)C=C3)=C1,L1.12,2,O=C1C=CCCC1,0,OB(O)c1ccc(Cl)cc1,22,1.0,100,-14.25575783,0,8
32,351,C[C@H](P(C1=CC=CC=C1)C2=CC=CC=C2)[C@H](C)P(C3=CC=CC=C3)C4=CC=CC=C4,L1.66,0,COc1ccccc1/C=C/C(=O)OC(C)(C)C,133,COc1cccc(B(O)O)c1,18,95.5,80,8.969895630538362,1,8
33,429,FC1=CC(P(C2=CC(F)=C(F)C(F)=C2)C3=CC=CC(OC)=C3C4=C(P(C5=CC(F)=C(F)C(F)=C5)C6=CC(F)=C(F)C(F)=C6)C=CC=C4OC)=CC(F)=C1F,L1.42,2,CN1C(=O)C=CC1=O,168,OB(O)c1ccc(F)cc1,21,2.5,0,-8.319835294,0,8
34,241,C12C(OCO2)C=CC(P(C3=CC=CC=C3)C4=CC=CC=C4)=C1C5=C(OCO6)C6=CC=C5P(C7=CC=CC=C7)C8=CC=CC=C8,L1.26,2,O=c1ccc2ccccc2o1,138,OB(O)c1ccccc1,7,0.5,60,-14.66144387,0,0
35,438,FC1=CC(P(C2=CC(F)=C(F)C(F)=C2)C3=CC=CC(OC)=C3C4=C(P(C5=CC(F)=C(F)C(F)=C5)C6=CC(F)=C(F)C(F)=C6)C=CC=C4OC)=CC(F)=C1F,L1.42,2,CC(=O)/C=C/C(C)C,12,OB(O)c1ccccc1,7,2.5,100,-11.36572045,0,2
36,360,C[C@H](P(C1=CC=CC=C1)C2=CC=CC=C2)[C@H](C)P(C3=CC=CC=C3)C4=CC=CC=C4,L1.66,0,C/C=C/S(=O)(=O)c1ccccn1,243,OB(O)c1ccc(F)cc1,21,92.0,100,7.577061974006026,1,6
37,436,FC1=CC(P(C2=CC(F)=C(F)C(F)=C2)C3=CC=CC(OC)=C3C4=C(P(C5=CC(F)=C(F)C(F)=C5)C6=CC(F)=C(F)C(F)=C6)C=CC=C4OC)=CC(F)=C1F,L1.42,2,O=C1C=CCCC1,0,OB(O)c1cccc(F)c1,43,0.5,20,-12.90110242,0,5
38,251,CC([P@@](C#CC)CC[P@](C#CC)C(C)(C)C)(C)C,L1.70,0,O=C1C=CCC1,6,OB(O)c1ccccc1,7,3.5,40,-8.635333352,0,4
39,152,C12=CC=CC=C1C=CC(P(C3=CC=CC=C3)C4=CC=CC=C4)=C2C5=C(C=CC=C6)C6=CC=C5P(C7=CC=CC=C7)C8=CC=CC=C8,L1.18,1,O=[N+]([O-])C1=CCCCC1,208,OB(O)c1ccc2ccccc2c1,11,99.0,100,14.25575783385418,1,7
40,423,FC1=CC(P(C2=CC(F)=C(F)C(F)=C2)C3=CC=CC(OC)=C3C4=C(P(C5=CC(F)=C(F)C(F)=C5)C6=CC(F)=C(F)C(F)=C6)C=CC=C4OC)=CC(F)=C1F,L1.42,2,O=C1C=CCCC1,0,Cc1ccc(B(O)O)cc1,12,1.5,100,-12.98214718,0,0
41,415,FC1=CC(P(C2=CC(F)=C(F)C(F)=C2)C3=CC=CC(OC)=C3C4=C(P(C5=CC(F)=C(F)C(F)=C5)C6=CC(F)=C(F)C(F)=C6)C=CC=C4OC)=CC(F)=C1F,L1.42,2,O=C1C=CCCO1,110,COc1ccc(B(O)O)cc1,10,1.0,20,-11.19945172,0,1
42,435,FC1=CC(P(C2=CC(F)=C(F)C(F)=C2)C3=CC=CC(OC)=C3C4=C(P(C5=CC(F)=C(F)C(F)=C5)C6=CC(F)=C(F)C(F)=C6)C=CC=C4OC)=CC(F)=C1F,L1.42,2,CN1C(=O)C=CC1=O,168,OB(O)c1cccc(F)c1,43,4.5,0,-6.937921539,0,5
43,111,C12=CC=CC=C1C=CC(P(C3=CC=CC=C3)C4=CC=CC=C4)=C2C5=C(C=CC=C6)C6=CC=C5P(C7=CC=CC=C7)C8=CC=CC=C8,L1.18,1,O=C1C=CCCC1,0,Cc1ccc([B-]23OCC(C)(CO2)CO3)cc1.[Li+],49,99.0,50,12.345566512153232,1,7
44,163,C12=CC=CC=C1C=CC(P(C3=CC=CC=C3)C4=CC=CC=C4)=C2C5=C(C=CC=C6)C6=CC=C5P(C7=CC=CC=C7)C8=CC=CC=C8,L1.18,1,C/C=C/C(=O)OCc1ccccc1,100,OB(O)c1ccccc1,7,94.0,60,7.621227549034938,1,4
45,260,CC([P@@](C)C1=NC2=CC=CC=C2N=C1[P@@](C(C)(C)C)C)(C)C,L1.68,0,O=C1C=CCCCC1,15,CC(C)O[B-](OC(C)C)(OC(C)C)c1ccc(C2CCCCC2)cc1.[Li+],70,1.0,60,-12.72760478,0,5
46,411,FC1=CC(P(C2=CC(F)=C(F)C(F)=C2)C3=C(C4=C5OCCOC5=CC=C4P(C6=CC(F)=C(F)C(F)=C6)C7=CC(F)=C(F)C(F)=C7)C8C(OCCO8)C=C3)=CC(F)=C1F,L1.34,2,O=C1C=CCCC1,0,OB(O)c1ccccc1,7,0.5,20,-12.90110242,0,7
47,16,C12=CC=C3C(C(C4=C(C=C(OCCCCCCCCO2)C=C5)C5=CC=C4P(C6=CC=CC=C6)C7=CC=CC=C7)=C(P(C8=CC=CC=C8)C9=CC=CC=C9)C=C3)=C1,L1.11,2,O=C1C=CCCC1,0,OB(O)c1ccccc1,7,4.0,100,-9.859496001,0,5
48,1,C1(CCCC2)=C2C=CC(P(C3=CC=CC=C3)C4=CC=CC=C4)=C1C5=C6CCCCC6=CC=C5P(C7=CC=CC=C7)C8=CC=CC=C8,L1.21,2,O=C1C=CCCC1,0,COc1ccc([B-](OC(C)C)(OC(C)C)OC(C)C)cc1.[Li+],52,2.5,60,-10.14736639,0,4
49,216,C12=CC=CC=C1C=CC(P(C3=CC=CC=C3)C4=CC=CC=C4)=C2C5=C(C=CC=C6)C6=CC=C5P(C7=CC=CC=C7)C8=CC=CC=C8,L1.1,2,O=C1C=CCCN1Cc1ccccc1,177,c1ccc(B2OB(c3ccccc3)OB(c3ccccc3)O2)cc1,13,3.0,100,-10.78414116,0,7
50,208,C12=CC=CC=C1C=CC(P(C3=CC=CC=C3)C4=CC=CC=C4)=C2C5=C(C=CC=C6)C6=CC=C5P(C7=CC=CC=C7)C8=CC=CC=C8,L1.18,1,O=[N+]([O-])C1=CCCCCC1,212,OB(O)c1ccccc1,7,93.5,100,8.271410102019884,1,5
51,474,[C@H]1(C2=CC=CC=C2)C(CP(C3=CC=CC=C3)C4=CC=CC=C4)([C@H]1C5=CC=CC=C5)CP(C6=CC=CC=C6)C7=CC=CC=C7,L1.103,0,O=C1C=CCCC1,0,OB(O)c1ccccc1,7,91.5,50,6.3842587285334185,1,0
52,52,C12=CC=CC=C1C=CC(P(C3=CC=CC=C3)C4=CC=CC=C4)=C2C5=C(C=CC=C6)C6=CC=C5P(C7=CC=CC=C7)C8=CC=CC=C8,L1.18,1,O=C1C=CCC1,6,CCCCC/C=C/B1Oc2ccccc2O1,96,99.0,100,14.25575783385418,1,8
53,400,FC(C1=CC(P(C2=CC(C(F)(F)F)=CC(C(F)(F)F)=C2)C3=C(C4=C5OCCOC5=CC=C4P(C6=CC(C(F)(F)F)=CC(C(F)(F)F)=C6)C7=CC(C(F)(F)F)=CC(C(F)(F)F)=C7)C8C(OCCO8)C=C3)=CC(C(F)(F)F)=C1)(F)F,L1.33,2,O=C1C=CCCC1,0,OB(O)c1ccccc1,7,0.5,20,-12.90110242,0,4
54,278,CC1(C)O[C@@H](CP(C2=CC=CC=C2)C3=CC=CC=C3)[C@H](CP(C4=CC=CC=C4)C5=CC=CC=C5)O1,L1.56,0,C/C=C/C(=O)NCc1ccccc1,160,OB(O)c1ccccc1,7,53.5,100,0.4350431753893102,1,1
55,205,C12=CC=CC=C1C=CC(P(C3=CC=CC=C3)C4=CC=CC=C4)=C2C5=C(C=CC=C6)C6=CC=C5P(C7=CC=CC=C7)C8=CC=CC=C8,L1.18,1,O=[N+]([O-])C1=CCCC1,201,OB(O)c1ccccc1,7,86.5,100,5.762510154326968,1,6
56,69,C12=CC=CC=C1C=CC(P(C3=CC=CC=C3)C4=CC=CC=C4)=C2C5=C(C=CC=C6)C6=CC=C5P(C7=CC=CC=C7)C8=CC=CC=C8,L1.1,2,C/C=C/S(=O)(=O)c1ccccn1,243,COc1ccc(B(O)O)cc1,10,13.0,100,-5.897475721,0,4
57,344,C[C@H](P(C1=CC=CC=C1)C2=CC=CC=C2)[C@H](C)P(C3=CC=CC=C3)C4=CC=CC=C4,L1.66,0,CC(C)(C)OC(=O)/C=C/c1ccccc1,127,COc1ccc(B(O)O)cc1OC,58,94.0,50,7.392464903108631,1,4
58,329,C[C@@H](P(C1=CC=CC=C1)C2=CC=CC=C2)[C@@H](C)P(C3=CC=CC=C3)C4=CC=CC=C4,L1.65,0,C/C=C/C(=O)NCc1ccccc1,160,OB(O)c1ccccc1,7,74.0,100,3.244980525170415,1,3
59,445,FC1=CC(P(C2=CC(F)=C(F)C(F)=C2)C3=CC=CC(OC)=C3C4=C(P(C5=CC(F)=C(F)C(F)=C5)C6=CC(F)=C(F)C(F)=C6)C=CC=C4OC)=CC(F)=C1F,L1.42,2,O=C1C=CC(=O)N1c1ccccc1,170,OB(O)c1ccccc1,7,0.5,-10,-11.58084633,0,3
60,116,C12=CC=CC=C1C=CC(P(C3=CC=CC=C3)C4=CC=CC=C4)=C2C5=C(C=CC=C6)C6=CC=C5P(C7=CC=CC=C7)C8=CC=CC=C8,L1.1,2,O=C1C=CCCCC1,15,F[B-](F)(F)c1ccc(Br)cc1.[K+],55,3.0,110,-11.07314401,0,5
61,48,C12=CC=CC=C1C=CC(P(C3=CC=CC=C3)C4=CC=CC=C4)=C2C5=C(C=CC=C6)C6=CC=C5P(C7=CC=CC=C7)C8=CC=CC=C8,L1.18,1,O=C1C=CCC1,6,CCCCC/C=C/B(O)O,95,98.0,100,12.073863035611195,1,3
62,243,CC(C(C)=C(C)C=C1P(C2=CC=CC=C2)C3=CC=CC=C3)=C1C4=C(P(C5=CC=CC=C5)C6=CC=CC=C6)C=CC7=CC=CC=C74,L1.24,1,O=C1C=CCCC1,0,OB(O)c1ccccc1,7,99.0,100,14.25575783385418,1,8
63,165,C12=CC=CC=C1C=CC(P(C3=CC=CC=C3)C4=CC=CC=C4)=C2C5=C(C=CC=C6)C6=CC=C5P(C7=CC=CC=C7)C8=CC=CC=C8,L1.18,1,C/C=C/P(=O)(OCC)OCC,196,OB(O)c1ccccc1,7,92.0,100,7.577061974006026,1,6
64,75,C12=CC=CC=C1C=CC(P(C3=CC=CC=C3)C4=CC=CC=C4)=C2C5=C(C=CC=C6)C6=CC=C5P(C7=CC=CC=C7)C8=CC=CC=C8,L1.1,2,O=C1C=CCCC1,0,COc1ccc([B-](F)(F)F)cc1.[K+],50,5.0,110,-9.379537163,0,9
65,409,FC(OC1=C(C2=C(C=CC=C2OC(F)(F)F)P(C3=CC=CC=C3)C4=CC=CC=C4)C(P(C5=CC=CC=C5)C6=CC=CC=C6)=CC=C1)(F)F,L1.52,1,O=C1C=CCCC1,0,OB(O)c1ccccc1,7,98.5,50,11.242612518160245,1,7
66,182,C12=CC=CC=C1C=CC(P(C3=CC=CC=C3)C4=CC=CC=C4)=C2C5=C(C=CC=C6)C6=CC=C5P(C7=CC=CC=C7)C8=CC=CC=C8,L1.1,2,CC1(C)CC=CC(=O)C1,18,OB(O)c1ccccc1,7,0.5,40,-13.78127315,0,6
67,23,C12=CC=C3C(C(C4=C(C=C(OCCOCCO2)C=C5)C5=CC=C4P(C6=CC=CC=C6)C7=CC=CC=C7)=C(P(C8=CC=CC=C8)C9=CC=CC=C9)C=C3)=C1,L1.12,2,O=C1C=CCCC1,0,OB(O)c1ccc(C(F)(F)F)cc1,9,0.5,100,-16.42178533,0,1
68,277,CC1(C)O[C@@H](CP(C2=CC=CC=C2)C3=CC=CC=C3)[C@H](CP(C4=CC=CC=C4)C5=CC=CC=C5)O1,L1.56,0,O=C1C=CCCC1,0,F[B-](F)(F)c1ccccc1.[K+],1,63.0,110,1.6953815033650554,1,7
69,196,C12=CC=CC=C1C=CC(P(C3=CC=CC=C3)C4=CC=CC=C4)=C2C5=C(C=CC=C6)C6=CC=C5P(C7=CC=CC=C7)C8=CC=CC=C8,L1.1,2,CN1C(=O)/C(=C/C(=O)OC(C)(C)C)c2ccccc21,188,OB(O)c1ccccc1,7,10.0,100,-6.816601634,0,2
70,294,CN(P1OC2=C(C3=C(O1)C=C(COCC4=CC(OP(N(C)C)O5)=C(C6=C5C=CC7=C6C=CC=C7)C8=C4C=CC=C8)C9=C3C=CC=C9)C%10=C(C=C2)C=CC=C%10)C,L1.90,2,O=C1C=CCCC1,0,COc1ccc([B-]23OCC(C)(CO2)CO3)cn1.[Li+],82,16.5,95,-4.963043658,0,5
71,355,C[C@H](P(C1=CC=CC=C1)C2=CC=CC=C2)[C@H](C)P(C3=CC=CC=C3)C4=CC=CC=C4,L1.66,0,C/C(=C\S(=O)(=O)c1ccccn1)c1ccccc1,249,OB(O)/C=C/Cc1ccccc1,138,99.5,100,16.42178532510618,1,0
72,76,C12=CC=CC=C1C=CC(P(C3=CC=CC=C3)C4=CC=CC=C4)=C2C5=C(C=CC=C6)C6=CC=C5P(C7=CC=CC=C7)C8=CC=CC=C8,L1.1,2,O=C1C=CCCCC1,15,COc1ccc([B-](F)(F)F)cc1.[K+],50,3.0,110,-11.07314401,0,8
73,390,FC(C1=CC(P(C2=CC(C(F)(F)F)=CC(C(F)(F)F)=C2)C3=C(C4=C5OCCOC5=CC=C4P(C6=CC(C(F)(F)F)=CC(C(F)(F)F)=C6)C7=CC(C(F)(F)F)=CC(C(F)(F)F)=C7)C8C(OCCO8)C=C3)=CC(C(F)(F)F)=C1)(F)F,L1.33,2,CN1C(=O)C=CC1=O,168,OB(O)c1ccc(Cl)cc1,22,3.5,30,-8.35957626,0,1
74,91,C12=CC=CC=C1C=CC(P(C3=CC=CC=C3)C4=CC=CC=C4)=C2C5=C(C=CC=C6)C6=CC=C5P(C7=CC=CC=C7)C8=CC=CC=C8,L1.18,1,O=C1C=CCCC1,0,COc1cccc(B(O)O)c1,18,98.0,100,12.073863035611195,1,6
75,308,COC(C=CC=C1P(C2=CC=CC=C2)C3=CC=CC=C3)=C1C4=C(P(C5=CC=CC=C5)C6=CC=CC=C6)C=CC=C4OC,L1.45,1,O=C1C=CCCC1,0,OB(O)c1ccccc1,7,99.0,100,14.25575783385418,1,5
76,334,C[C@H](P(C1=CC=CC=C1)C2=CC=CC=C2)[C@H](C)P(C3=CC=CC=C3)C4=CC=CC=C4,L1.66,0,C/C=C/S(=O)(=O)c1ccccn1,243,C/C=C/B(O)O,137,71.5,100,2.8535385059735283,1,3
77,214,C12=CC=CC=C1C=CC(P(C3=CC=CC=C3)C4=CC=CC=C4)=C2C5=C(C=CC=C6)C6=CC=C5P(C7=CC=CC=C7)C8=CC=CC=C8,L1.18,1,C/C=C\P(=O)(OCC)OCC,197,c1ccc(B2OB(c3ccccc3)OB(c3ccccc3)O2)cc1,13,98.5,100,12.982147179797291,1,0
78,315,COC1=CC(P(C2=CC=CC=C2)C3=CC=CC=C3)=C(C4=C(OC)N=C(OC)C=C4P(C5=CC=CC=C5)C6=CC=CC=C6)C(OC)=N1,L1.54,1,O=C1C=CCCC1,0,OB(O)c1ccc2ccccc2c1,11,98.5,100,12.982147179797291,1,9
79,229,C12C(OCC2)C=CC(P(C3=CC=CC=C3)C4=CC=CC=C4)=C1C5=C(OCC6)C6=CC=C5P(C7=CC=CC=C7)C8=CC=CC=C8,L1.30,1,O=C1C=CCCC1,0,OB(O)/C=C/c1ccccc1,89,94.5,100,8.822677770172534,1,6
80,271,CC([P@@](C)C1=NC2=CC=CC=C2N=C1[P@@](C(C)(C)C)C)(C)C,L1.68,0,O=C1C=CCCC1,0,Cc1cccc(B(O)O)c1,17,1.5,60,-11.59051945,0,8
81,187,C12=CC=CC=C1C=CC(P(C3=CC=CC=C3)C4=CC=CC=C4)=C2C5=C(C=CC=C6)C6=CC=C5P(C7=CC=CC=C7)C8=CC=CC=C8,L1.18,1,CCC/C=C/C(=O)OC(C)(C)C,115,OB(O)c1ccccc1,7,97.5,100,11.365720446897749,1,1
82,276,CC1(C)O[C@@H](CP(C2=CC=CC=C2)C3=CC=CC=C3)[C@H](CP(C4=CC=CC=C4)C5=CC=CC=C5)O1,L1.56,0,C/C=C/C(=O)OC(C)C,97,COc1cccc(B(O)O)c1,18,46.5,100,-0.435043175,0,6
83,19,C12=CC=C3C(C(C4=C(C=C(OCCOCCO2)C=C5)C5=CC=C4P(C6=CC=CC=C6)C7=CC=CC=C7)=C(P(C8=CC=CC=C8)C9=CC=CC=C9)C=C3)=C1,L1.12,2,O=C1C=CCCC1,0,CC(C)(C)c1ccc(B(O)O)cc1,20,0.5,100,-16.42178533,0,3
84,408,FC(O1)(F)OC2C1C(C3=C(OC(F)(F)O4)C4=CC=C3P(C5=CC=CC=C5)C6=CC=CC=C6)=C(P(C7=CC=CC=C7)C8=CC=CC=C8)C=C2,L1.28,2,O=C1C=CCO1,109,OB(O)c1ccccc1,7,0.5,20,-12.90110242,0,8
85,127,C12=CC=CC=C1C=CC(P(C3=CC=CC=C3)C4=CC=CC=C4)=C2C5=C(C=CC=C6)C6=CC=C5P(C7=CC=CC=C7)C8=CC=CC=C8,L1.1,2,O=C1C=CCCN1,176,Fc1ccc(B2OB(c3ccc(F)cc3)OB(c3ccc(F)cc3)O2)cc1,28,1.0,40,-11.96352825,0,8
86,416,FC1=CC(P(C2=CC(F)=C(F)C(F)=C2)C3=CC=CC(OC)=C3C4=C(P(C5=CC(F)=C(F)C(F)=C5)C6=CC(F)=C(F)C(F)=C6)C=CC=C4OC)=CC(F)=C1F,L1.42,2,CN1C(=O)C=CC1=O,168,COc1cccc(B(O)O)c1,18,3.0,-10,-7.605109868,0,0
87,37,C12=CC=CC=C1C=CC(P(C3=CC=CC=C3)C4=CC=CC=C4)=C2C5=C(C=CC=C6)C6=CC=C5P(C7=CC=CC=C7)C8=CC=CC=C8,L1.1,2,O=C1C=CCCC1,0,C=C[B-](F)(F)F.[K+],97,4.0,110,-10.1237194,0,0
88,349,C[C@H](P(C1=CC=CC=C1)C2=CC=CC=C2)[C@H](C)P(C3=CC=CC=C3)C4=CC=CC=C4,L1.66,0,COc1ccc(/C=C/C(=O)OC(C)(C)C)cc1,135,COc1cccc(B(O)O)c1,18,95.0,80,8.645135192345712,1,6
89,175,C12=CC=CC=C1C=CC(P(C3=CC=CC=C3)C4=CC=CC=C4)=C2C5=C(C=CC=C6)C6=CC=C5P(C7=CC=CC=C7)C8=CC=CC=C8,L1.1,2,CC(C)(C)C(=O)OC1CCCC=C1[N+](=O)[O-],210,OB(O)c1ccccc1,7,2.5,100,-11.36572045,0,2
90,342,C[C@H](P(C1=CC=CC=C1)C2=CC=CC=C2)[C@H](C)P(C3=CC=CC=C3)C4=CC=CC=C4,L1.66,0,COC(=O)/C=C/c1ccccc1,124,COc1ccc(B(O)O)cc1,10,92.0,20,5.9526081138412605,1,8
91,15,C12=CC=C3C(C(C4=C(C=C(OCCCCCCCCO2)C=C5)C5=CC=C4P(C6=CC=CC=C6)C7=CC=CC=C7)=C(P(C8=CC=CC=C8)C9=CC=CC=C9)C=C3)=C1,L1.11,2,CC(=O)OC1CCCC=C1[N+](=O)[O-],209,OB(O)c1ccccc1,7,1.5,50,-11.24261252,0,2
92,11,C1(CCCC2)=C2C=CC(P(C3=CC=CC=C3)C4=CC=CC=C4)=C1C5=C6CCCCC6=CC=C5P(C7=CC=CC=C7)C8=CC=CC=C8,L1.21,2,CCC1=CC(=O)N(Cc2ccccc2)C1=O,183,OB(O)c1ccccc1,7,1.5,50,-11.24261252,0,9
93,149,C12=CC=CC=C1C=CC(P(C3=CC=CC=C3)C4=CC=CC=C4)=C2C5=C(C=CC=C6)C6=CC=C5P(C7=CC=CC=C7)C8=CC=CC=C8,L1.18,1,CC(=O)OC1CCCC=C1[N+](=O)[O-],209,OB(O)c1ccc2c(c1)OCO2,74,99.0,50,12.345566512153232,1,7
94,333,C[C@H](P(C1=CC=CC=C1)C2=CC=CC=C2)[C@H](C)P(C3=CC=CC=C3)C4=CC=CC=C4,L1.66,0,C/C(=C\S(=O)(=O)c1ccccn1)c1ccccc1,249,C/C=C/B(O)O,137,94.5,100,8.822677770172534,1,0
95,109,C12=CC=CC=C1C=CC(P(C3=CC=CC=C3)C4=CC=CC=C4)=C2C5=C(C=CC=C6)C6=CC=C5P(C7=CC=CC=C7)C8=CC=CC=C8,L1.18,1,C/C=C/C(=O)NCc1ccccc1,160,Cc1ccc([B-](F)(F)F)cc1.[K+],123,93.5,100,8.271410102019884,1,7
96,401,FC(C1=CC(P(C2=CC(C(F)(F)F)=CC(C(F)(F)F)=C2)C3=C(C4=C5OCCOC5=CC=C4P(C6=CC(C(F)(F)F)=CC(C(F)(F)F)=C6)C7=CC(C(F)(F)F)=CC(C(F)(F)F)=C7)C8C(OCCO8)C=C3)=CC(C(F)(F)F)=C1)(F)F,L1.33,2,O=C1C=CCCO1,110,OB(O)c1ccccc1,7,5.0,20,-7.176331252,0,1
97,101,C12=CC=CC=C1C=CC(P(C3=CC=CC=C3)C4=CC=CC=C4)=C2C5=C(C=CC=C6)C6=CC=C5P(C7=CC=CC=C7)C8=CC=CC=C8,L1.18,1,C/C=C/C(=O)OC(C)C,97,Cc1ccc(B(O)O)cc1,12,96.0,100,9.859496001,1,4
98,332,C[C@H](P(C1=CC=CC=C1)C2=CC=CC=C2)[C@H](C)P(C3=CC=CC=C3)C4=CC=CC=C4,L1.66,0,C/C(=C\S(=O)(=O)c1ccccn1)c1ccc(Cl)cc1,250,C/C=C/B(O)O,137,95.0,100,9.134736505801508,1,4
99,484,[C@H]1(P(C2=CC=CC=C2)C3=CC=CC=C3)C[C@H]4[C@@H](P(C5=CC=CC=C5)C6=CC=CC=C6)C[C@@H]1C4,L1.67,0,O=C1C=CCCCC1,15,OB(O)c1ccccc1,7,7.0,50,-6.949578332,0,5
100,130,C12=CC=CC=C1C=CC(P(C3=CC=CC=C3)C4=CC=CC=C4)=C2C5=C(C=CC=C6)C6=CC=C5P(C7=CC=CC=C7)C8=CC=CC=C8,L1.1,2,CC(C)(C)OC(=O)/C=C/C1CCN(S(C)(=O)=O)CC1,122,OB(O)c1cc(F)cc(F)c1,116,4.0,60,-8.80260242,0,6
101,235,C12C(OCC2)C=CC(P(C3=CC=CC=C3)C4=CC=CC=C4)=C1C5=C(OCC6)C6=CC=C5P(C7=CC=CC=C7)C8=CC=CC=C8,L1.30,1,O=C1C=CCCC1,0,OB(O)c1ccccc1Cl,33,99.5,100,16.42178532510618,1,4
102,266,CC([P@@](C)C1=NC2=CC=CC=C2N=C1[P@@](C(C)(C)C)C)(C)C,L1.68,0,O=C1C=CCCC1,0,COc1ccc([B-](OC(C)C)(OC(C)C)OC(C)C)cc1.[Li+],52,0.5,60,-14.66144387,0,7
103,418,FC1=CC(P(C2=CC(F)=C(F)C(F)=C2)C3=CC=CC(OC)=C3C4=C(P(C5=CC(F)=C(F)C(F)=C5)C6=CC(F)=C(F)C(F)=C6)C=CC=C4OC)=CC(F)=C1F,L1.42,2,O=C1C=CCCO1,110,COc1cccc(B(O)O)c1,18,1.5,20,-10.19889172,0,7
104,367,C[C@H](P(C1=CC=CC=C1)C2=CC=CC=C2)[C@H](C)P(C3=CC=CC=C3)C4=CC=CC=C4,L1.66,0,CCCOc1ccc2c(c1)C(=O)C=C2,24,OB(O)c1ccc2c(c1)OCO2,74,54.0,50,0.4307876433690973,1,2
105,159,C12=CC=CC=C1C=CC(P(C3=CC=CC=C3)C4=CC=CC=C4)=C2C5=C(C=CC=C6)C6=CC=C5P(C7=CC=CC=C7)C8=CC=CC=C8,L1.18,1,C/C=C/C(=O)N(C)OC,156,OB(O)c1ccccc1,7,88.5,50,5.4825661203137965,1,5
106,232,C12C(OCC2)C=CC(P(C3=CC=CC=C3)C4=CC=CC=C4)=C1C5=C(OCC6)C6=CC=C5P(C7=CC=CC=C7)C8=CC=CC=C8,L1.30,1,O=C1C=CCCC1,0,OB(O)c1cccc(Cl)c1,8,99.0,100,14.25575783385418,1,2
107,477,[C@H]1(P(C2=CC=CC=C2)C3=CC=CC=C3)C[C@H]4[C@@H](P(C5=CC=CC=C5)C6=CC=CC=C6)C[C@@H]1C4,L1.67,0,O=C1C=CCCC1,0,Cc1ccccc1B(O)O,6,11.0,50,-5.617129501,0,0
108,368,C[C@H](P(C1=CC=CC=C1)C2=CC=CC=C2)[C@H](C)P(C3=CC=CC=C3)C4=CC=CC=C4,L1.66,0,C/C=C/S(=O)(=O)c1ccccn1,243,OB(O)c1ccccc1,7,90.5,100,6.992920050439323,1,6
109,439,FC1=CC(P(C2=CC(F)=C(F)C(F)=C2)C3=CC=CC(OC)=C3C4=C(P(C5=CC(F)=C(F)C(F)=C5)C6=CC(F)=C(F)C(F)=C6)C=CC=C4OC)=CC(F)=C1F,L1.42,2,CN1C(=O)C=CC1=O,168,OB(O)c1ccccc1,7,15.5,30,-4.274356885,0,8
110,183,C12=CC=CC=C1C=CC(P(C3=CC=CC=C3)C4=CC=CC=C4)=C2C5=C(C=CC=C6)C6=CC=C5P(C7=CC=CC=C7)C8=CC=CC=C8,L1.1,2,CC1=CC(=O)N(Cc2ccccc2)C1=O,175,OB(O)c1ccccc1,7,2.5,50,-9.842777871,0,6
111,385,FC(C1=CC(P(C2=CC(C(F)(F)F)=CC(C(F)(F)F)=C2)C3=C(C4=C5OCCOC5=CC=C4P(C6=CC(C(F)(F)F)=CC(C(F)(F)F)=C6)C7=CC(C(F)(F)F)=CC(C(F)(F)F)=C7)C8C(OCCO8)C=C3)=CC(C(F)(F)F)=C1)(F)F,L1.33,2,CN1C(=O)C=CC1=O,168,COc1cccc(B(O)O)c1,18,5.0,30,-7.421131909,0,2
112,432,FC1=CC(P(C2=CC(F)=C(F)C(F)=C2)C3=CC=CC(OC)=C3C4=C(P(C5=CC(F)=C(F)C(F)=C5)C6=CC(F)=C(F)C(F)=C6)C=CC=C4OC)=CC(F)=C1F,L1.50,1,O=c1ccoc2ccccc12,28,OB(O)c1ccc(F)cc1,21,99.5,10,12.461017056957832,1,9
113,469,[C@H]1(C2=CC=CC=C2)C(CP(C3=CC=CC=C3)C4=CC=CC=C4)([C@H]1C5=CC=CC=C5)CP(C6=CC=CC=C6)C7=CC=CC=C7,L1.103,0,O=C1C=CCCC1,0,COc1ccc(B(O)O)cc1,10,85.5,50,4.767138942868287,1,5
114,93,C12=CC=CC=C1C=CC(P(C3=CC=CC=C3)C4=CC=CC=C4)=C2C5=C(C=CC=C6)C6=CC=C5P(C7=CC=CC=C7)C8=CC=CC=C8,L1.18,1,C/C=C/P(=O)(OCC)OCC,196,COc1cccc(B2OB(c3cccc(OC)c3)OB(c3cccc(OC)c3)O2)c1,42,97.5,100,11.365720446897749,1,9
115,307,COC(C=CC=C1P(C2=CC=CC=C2)C3=CC=CC=C3)=C1C4=C(P(C5=CC=CC=C5)C6=CC=CC=C6)C=CC=C4OC,L1.45,1,O=C1C=CCCC1,0,OB(O)c1cccc2ccccc12,24,98.5,100,12.982147179797291,1,4
116,353,C[C@H](P(C1=CC=CC=C1)C2=CC=CC=C2)[C@H](C)P(C3=CC=CC=C3)C4=CC=CC=C4,L1.66,0,CC(C)(C)OC(=O)/C=C/c1ccccc1,127,COc1ccccc1B(O)O,14,95.0,50,7.910733222162019,1,9
117,443,FC1=CC(P(C2=CC(F)=C(F)C(F)=C2)C3=CC=CC(OC)=C3C4=C(P(C5=CC(F)=C(F)C(F)=C5)C6=CC(F)=C(F)C(F)=C6)C=CC=C4OC)=CC(F)=C1F,L1.42,2,O=C1C=CC(=O)N1C1CCCCC1,169,OB(O)c1ccccc1,7,0.5,-10,-11.58084633,0,9
118,388,FC(C1=CC(P(C2=CC(C(F)(F)F)=CC(C(F)(F)F)=C2)C3=C(C4=C5OCCOC5=CC=C4P(C6=CC(C(F)(F)F)=CC(C(F)(F)F)=C6)C7=CC(C(F)(F)F)=CC(C(F)(F)F)=C7)C8C(OCCO8)C=C3)=CC(C(F)(F)F)=C1)(F)F,L1.33,2,O=C1C=CCCC1,0,Cc1ccccc1B(O)O,6,3.5,20,-8.083819167,0,1
119,95,C12=CC=CC=C1C=CC(P(C3=CC=CC=C3)C4=CC=CC=C4)=C2C5=C(C=CC=C6)C6=CC=C5P(C7=CC=CC=C7)C8=CC=CC=C8,L1.18,1,CCC/C=C/C(=O)OC(C)C,113,COc1cccc([B-](OC)(OC)OC)c1.[Li+],113,98.5,100,12.982147179797291,1,1
120,299,COC(C=C1)=CC=C1[P@@](C2=CC=CC=C2)CC[P@](C3=CC=CC=C3)C4=CC=C(OC)C=C4,L1.58,0,O=C1C=CCCC1,0,F[B-](F)(F)c1ccccc1.[K+],1,51.5,110,0.1911879161468672,1,3
121,71,C12=CC=CC=C1C=CC(P(C3=CC=CC=C3)C4=CC=CC=C4)=C2C5=C(C=CC=C6)C6=CC=C5P(C7=CC=CC=C7)C8=CC=CC=C8,L1.1,2,CC(C)(C)OC(=O)/C=C1/C(=O)N(Cc2ccccc2)c2ccccc21,190,COc1ccc(B(O)O)cc1,10,7.0,40,-6.73452098,0,5
122,86,C12=CC=CC=C1C=CC(P(C3=CC=CC=C3)C4=CC=CC=C4)=C2C5=C(C=CC=C6)C6=CC=C5P(C7=CC=CC=C7)C8=CC=CC=C8,L1.18,1,C/C=C/C(=O)OC1CCCCC1,99,COc1cccc(B(O)O)c1,18,95.5,100,9.477889153,1,9
123,464,[C@H]1(C2=CC(C3=CC=CC=C3)=CC(C4=CC=CC=C4)=C2)C(CP(C5=CC=CC=C5)C6=CC=CC=C6)([C@H]1C7=CC(C8=CC=CC=C8)=CC(C9=CC=CC=C9)=C7)CP(C%10=CC=CC=C%10)C%11=CC=CC=C%11,L1.104,0,O=C1C=CCCC1,0,OB(O)c1ccc(C(F)(F)F)cc1,9,94.5,50,7.640488600914524,1,0
124,328,C[C@@H](P(C1=CC=CC=C1)C2=CC=CC=C2)[C@@H](C)P(C3=CC=CC=C3)C4=CC=CC=C4,L1.65,0,CCCCOC(=O)c1nc(N(Cc2ccccc2)C(C)C)ccc1/C=C/C(=O)OC(C)(C)C,137,OB(O)c1ccc2c(c1)OCO2,74,5.0,50,-7.910733222,0,0
125,36,C12=CC=CC=C1C=CC(P(C3=CC=CC=C3)C4=CC=CC=C4)=C2C5=C(C=CC=C6)C6=CC=C5P(C7=CC=CC=C7)C8=CC=CC=C8,L1.18,1,O=C1C=CCCC1,0,C=C(C)[B-](F)(F)F.[K+],90,95.0,36,7.568012302742962,1,9
126,7,C1(CCCC2)=C2C=CC(P(C3=CC=CC=C3)C4=CC=CC=C4)=C1C5=C6CCCCC6=CC=C5P(C7=CC=CC=C7)C8=CC=CC=C8,L1.21,2,CCC1=CC(=O)N(Cc2ccccc2)C1=O,183,OB(O)c1ccc2ccccc2c1,11,2.0,50,-10.45603334,0,2
127,42,C12=CC=CC=C1C=CC(P(C3=CC=CC=C3)C4=CC=CC=C4)=C2C5=C(C=CC=C6)C6=CC=C5P(C7=CC=CC=C7)C8=CC=CC=C8,L1.18,1,O=C1C=CCO1,109,CC1(C)OB(/C=C/c2ccccc2)OC1(C)C,121,86.5,65,5.222009403,1,7
128,296,CN(P1OC2=C(C3=C(O1)C=C(COCC4=CC(OP(N(C)C)O5)=C(C6=C5C=CC7=C6C=CC=C7)C8=C4C=CC=C8)C9=C3C=CC=C9)C%10=C(C=C2)C=CC=C%10)C,L1.90,2,CCCCC/C=C/C(C)=O,19,OB(O)c1ccccc1,7,8.0,5,-5.648023015,0,0
129,145,C12=CC=CC=C1C=CC(P(C3=CC=CC=C3)C4=CC=CC=C4)=C2C5=C(C=CC=C6)C6=CC=C5P(C7=CC=CC=C7)C8=CC=CC=C8,L1.18,1,CCOC(=O)/C=C/CN1C(=O)c2ccccc2C1=O,103,OB(O)c1ccc(F)cc1,21,92.5,100,7.794099337579717,1,2
130,387,FC(C1=CC(P(C2=CC(C(F)(F)F)=CC(C(F)(F)F)=C2)C3=C(C4=C5OCCOC5=CC=C4P(C6=CC(C(F)(F)F)=CC(C(F)(F)F)=C6)C7=CC(C(F)(F)F)=CC(C(F)(F)F)=C7)C8C(OCCO8)C=C3)=CC(C(F)(F)F)=C1)(F)F,L1.33,2,CN1C(=O)C=CC1=O,168,Cc1cccc(B(O)O)c1,17,4.5,30,-7.699911823,0,6
131,118,C12=CC=CC=C1C=CC(P(C3=CC=CC=C3)C4=CC=CC=C4)=C2C5=C(C=CC=C6)C6=CC=C5P(C7=CC=CC=C7)C8=CC=CC=C8,L1.1,2,C/C=C/C(=O)NCc1ccccc1,160,F[B-](F)(F)c1ccc(Cl)cc1.[K+],125,5.0,110,-9.379537163,0,4
132,279,CC1(C)O[C@H](CP(C2=CC=CC=C2)C3=CC=CC=C3)[C@@H](CP(C4=CC=CC=C4)C5=CC=CC=C5)O1,L1.57,0,O=C1C=CCCC1,0,OB(O)c1ccccc1,7,62.0,100,1.5187592871885904,1,9
133,190,C12=CC=CC=C1C=CC(P(C3=CC=CC=C3)C4=CC=CC=C4)=C2C5=C(C=CC=C6)C6=CC=C5P(C7=CC=CC=C7)C8=CC=CC=C8,L1.1,2,CCC1=CC(=O)N(Cc2ccccc2)C1=O,183,OB(O)c1ccccc1,7,2.0,50,-10.45603334,0,2
134,239,C12C(OCO2)C=CC(P(C3=CC=CC=C3)C4=CC=CC=C4)=C1C5=C(OCO6)C6=CC=C5P(C7=CC=CC=C7)C8=CC=CC=C8,L1.26,2,COC(=O)/C=C/c1cc(C)ccc1OC,139,OB(O)c1ccccc1,7,27.5,60,-2.685054485,0,6
135,453,FC1=CC(P(C2=CC(F)=C(F)C(F)=C2)C3=CC=CC(OC)=C3C4=C(P(C5=CC(F)=C(F)C(F)=C5)C6=CC(F)=C(F)C(F)=C6)C=CC=C4OC)=CC(F)=C1F,L1.42,2,CN1C(=O)C=CC1=O,168,OB(O)c1ccccc1F,16,4.5,0,-6.937921539,0,3
136,38,C12=CC=CC=C1C=CC(P(C3=CC=CC=C3)C4=CC=CC=C4)=C2C5=C(C=CC=C6)C6=CC=C5P(C7=CC=CC=C7)C8=CC=CC=C8,L1.18,1,O=C1C=CCCC1,0,CC(C)(C)/C=C/B(O)O,99,95.5,100,9.477889153,1,3
137,61,C12=CC=CC=C1C=CC(P(C3=CC=CC=C3)C4=CC=CC=C4)=C2C5=C(C=CC=C6)C6=CC=C5P(C7=CC=CC=C7)C8=CC=CC=C8,L1.18,1,CCC/C=C/C(=O)OC,111,CO[B-](OC)(OC)c1ccccc1.[Li+],67,94.5,100,8.822677770172534,1,5
138,253,CC([P@@](C#CC1=CC=CC=C1)CC[P@](C#CC2=CC=CC=C2)C(C)(C)C)(C)C,L1.72,0,O=C1C=CCCC1,0,COc1ccc(B(O)O)cc1,10,1.0,40,-11.96352825,0,3
139,375,C[C@H]1CC[C@H](C)P1C2=CC=CC=C2P3[C@@H](C)CC[C@@H]3C,L1.60,0,C/C=C/C(=O)NCc1ccccc1,160,OB(O)c1ccccc1,7,71.5,100,2.8535385059735283,1,9
140,428,FC1=CC(P(C2=CC(F)=C(F)C(F)=C2)C3=CC=CC(OC)=C3C4=C(P(C5=CC(F)=C(F)C(F)=C5)C6=CC(F)=C(F)C(F)=C6)C=CC=C4OC)=CC(F)=C1F,L1.42,2,O=C1C=CCCO1,110,OB(O)c1ccc(C(F)(F)F)cc1,9,0.5,20,-12.90110242,0,0
141,50,C12=CC=CC=C1C=CC(P(C3=CC=CC=C3)C4=CC=CC=C4)=C2C5=C(C=CC=C6)C6=CC=C5P(C7=CC=CC=C7)C8=CC=CC=C8,L1.18,1,O=[N+]([O-])C1=CCCCC1,208,CCCCC/C=C/B(O)O,95,91.5,100,7.372075335145428,1,4
142,449,FC1=CC(P(C2=CC(F)=C(F)C(F)=C2)C3=CC=CC(OC)=C3C4=C(P(C5=CC(F)=C(F)C(F)=C5)C6=CC(F)=C(F)C(F)=C6)C=CC=C4OC)=CC(F)=C1F,L1.50,1,O=c1ccoc2ccc(Br)cc12,31,OB(O)c1ccccc1,7,99.5,35,13.561230464776816,1,4
143,383,FC(C1=CC(P(C2=CC(C(F)(F)F)=CC(C(F)(F)F)=C2)C3=C(C4=C5OCCOC5=CC=C4P(C6=CC(C(F)(F)F)=CC(C(F)(F)F)=C6)C7=CC(C(F)(F)F)=CC(C(F)(F)F)=C7)C8C(OCCO8)C=C3)=CC(C(F)(F)F)=C1)(F)F,L1.33,2,CN1C(=O)C=CC1=O,168,COc1ccc(B(O)O)cc1,10,3.5,30,-8.35957626,0,2
144,122,C12=CC=CC=C1C=CC(P(C3=CC=CC=C3)C4=CC=CC=C4)=C2C5=C(C=CC=C6)C6=CC=C5P(C7=CC=CC=C7)C8=CC=CC=C8,L1.1,2,O=C1C=CCCC1,0,F[B-](F)(F)c1cccc2ccccc12.[K+],64,6.5,110,-8.493074583,0,1
145,282,CC1=C(OC)C(C)=CC(P(C2=CC(C)=C(OC)C(C)=C2)C3=CC=C4C(C=CC=C4)=C3C5=C(P(C6=CC=CC=C6)C7=CC=CC=C7)C=CC8=CC=CC=C85)=C1,L1.2,2,COC(=O)/C=C/c1cc(C)ccc1OC,139,OB(O)c1ccccc1,7,23.5,60,-3.269178868,0,6
146,96,C12=CC=CC=C1C=CC(P(C3=CC=CC=C3)C4=CC=CC=C4)=C2C5=C(C=CC=C6)C6=CC=C5P(C7=CC=CC=C7)C8=CC=CC=C8,L1.18,1,O=C1C=CCCC1,0,COc1cccc([B-]23OCC(C)(CO2)CO3)n1.[Li+],85,77.5,95,3.785481936091071,1,2
147,201,C12=CC=CC=C1C=CC(P(C3=CC=CC=C3)C4=CC=CC=C4)=C2C5=C(C=CC=C6)C6=CC=C5P(C7=CC=CC=C7)C8=CC=CC=C8,L1.18,1,O=C1C=CCCC1,0,OB(O)c1ccccc1,7,99.5,100,16.42178532510618,1,5
148,275,CC([P@@](C)C1=NC2=CC=CC=C2N=C1[P@@](C(C)(C)C)C)(C)C,L1.68,0,O=C1C=CCCCC1,15,OB(O)c1ccccc1,7,2.0,50,-10.45603334,0,3
149,189,C12=CC=CC=C1C=CC(P(C3=CC=CC=C3)C4=CC=CC=C4)=C2C5=C(C=CC=C6)C6=CC=C5P(C7=CC=CC=C7)C8=CC=CC=C8,L1.18,1,CCC/C=C/C(=O)OCC,112,OB(O)c1ccccc1,7,95.0,100,9.134736505801508,1,8
150,44,C12=CC=CC=C1C=CC(P(C3=CC=CC=C3)C4=CC=CC=C4)=C2C5=C(C=CC=C6)C6=CC=C5P(C7=CC=CC=C7)C8=CC=CC=C8,L1.18,1,C/C=C/C(=O)OCc1ccccc1,100,CC1(C)OB(c2ccccc2)OC1(C)C,0,93.5,100,8.271410102019884,1,8
151,257,CC([P@@](C#CC1=CC=CC=C1)CC[P@](C#CC2=CC=CC=C2)C(C)(C)C)(C)C,L1.72,0,O=C1C=CCCC1,0,OB(O)c1ccccc1,7,0.5,40,-13.78127315,0,3
152,45,C12=CC=CC=C1C=CC(P(C3=CC=CC=C3)C4=CC=CC=C4)=C2C5=C(C=CC=C6)C6=CC=C5P(C7=CC=CC=C7)C8=CC=CC=C8,L1.18,1,O=C1C=CCC1,6,CC12CO[B-](c3ccsc3)(OC1)OC2.[Li+],81,94.0,95,8.421896809777015,1,2
153,112,C12=CC=CC=C1C=CC(P(C3=CC=CC=C3)C4=CC=CC=C4)=C2C5=C(C=CC=C6)C6=CC=C5P(C7=CC=CC=C7)C8=CC=CC=C8,L1.18,1,C/C=C/C(=O)OC(C)C,97,Cc1ccccc1B(O)O,6,97.0,100,10.784141163895436,1,5
154,108,C12=CC=CC=C1C=CC(P(C3=CC=CC=C3)C4=CC=CC=C4)=C2C5=C(C=CC=C6)C6=CC=C5P(C7=CC=CC=C7)C8=CC=CC=C8,L1.18,1,C/C=C/P(=O)(OCC)OCC,196,Cc1ccc(B2OB(c3ccc(C)cc3)OB(c3ccc(C)cc3)O2)cc1,27,97.5,100,11.365720446897749,1,2
155,451,FC1=CC(P(C2=CC(F)=C(F)C(F)=C2)C3=CC=CC(OC)=C3C4=C(P(C5=CC(F)=C(F)C(F)=C5)C6=CC(F)=C(F)C(F)=C6)C=CC=C4OC)=CC(F)=C1F,L1.50,1,O=c1ccoc2ccccc12,28,OB(O)c1ccccc1,7,99.5,20,12.901102420085426,1,4
156,114,C12=CC=CC=C1C=CC(P(C3=CC=CC=C3)C4=CC=CC=C4)=C2C5=C(C=CC=C6)C6=CC=C5P(C7=CC=CC=C7)C8=CC=CC=C8,L1.18,1,C/C=C/P(=O)(OCC)OCC,196,FC(F)(F)c1ccc(B2OB(c3ccc(C(F)(F)F)cc3)OB(c3ccc(C(F)(F)F)cc3)O2)cc1,132,98.0,100,12.073863035611195,1,2
157,104,C12=CC=CC=C1C=CC(P(C3=CC=CC=C3)C4=CC=CC=C4)=C2C5=C(C=CC=C6)C6=CC=C5P(C7=CC=CC=C7)C8=CC=CC=C8,L1.1,2,CC(C)(C)OC(=O)/C=C1/C(=O)N(Cc2ccccc2)c2ccccc21,190,Cc1ccc(B(O)O)cc1,12,4.5,40,-7.953908585,0,3
158,102,C12=CC=CC=C1C=CC(P(C3=CC=CC=C3)C4=CC=CC=C4)=C2C5=C(C=CC=C6)C6=CC=C5P(C7=CC=CC=C7)C8=CC=CC=C8,L1.18,1,C/C=C/P(=O)(OCC)OCC,196,Cc1ccc(B(O)O)cc1,12,93.0,100,8.024865092428724,1,6
159,119,C12=CC=CC=C1C=CC(P(C3=CC=CC=C3)C4=CC=CC=C4)=C2C5=C(C=CC=C6)C6=CC=C5P(C7=CC=CC=C7)C8=CC=CC=C8,L1.1,2,C/C=C/C(=O)NCc1ccccc1,160,F[B-](F)(F)c1ccc2ccccc2c1.[K+],126,6.0,110,-8.765040779,0,4
160,77,C12=CC=CC=C1C=CC(P(C3=CC=CC=C3)C4=CC=CC=C4)=C2C5=C(C=CC=C6)C6=CC=C5P(C7=CC=CC=C7)C8=CC=CC=C8,L1.18,1,O=C1C=CCCC1,0,COc1ccc([B-](OC(C)C)(OC(C)C)OC(C)C)cc1.[Li+],52,96.5,60,9.186847537073708,1,6
161,236,C12C(OCO2)C=CC(P(C3=CC=CC=C3)C4=CC=CC=C4)=C1C5=C(OCO6)C6=CC=C5P(C7=CC=CC=C7)C8=CC=CC=C8,L1.26,2,O=c1ccc2ccccc2o1,138,Cc1ccc(B(O)O)cc1,12,0.5,60,-14.66144387,0,6
162,157,C12=CC=CC=C1C=CC(P(C3=CC=CC=C3)C4=CC=CC=C4)=C2C5=C(C=CC=C6)C6=CC=C5P(C7=CC=CC=C7)C8=CC=CC=C8,L1.18,1,CC(C)(C)OC(=O)N[C@@H](CC/C=C/[N+](=O)[O-])C(=O)OCc1ccccc1,205,OB(O)c1cccc(F)c1F,133,93.0,35,6.626992303984755,1,5
163,327,C[C@@H](P(C1=CC=CC=C1)C2=CC=CC=C2)[C@@H](C)P(C3=CC=CC=C3)C4=CC=CC=C4,L1.65,0,CCCCOC(=O)c1nc(N(Cc2ccccc2)C(C)C)ccc1/C=C/C(=O)OC(C)(C)C,137,OB(O)c1ccc2c(c1)OCCO2,57,5.0,50,-7.910733222,0,4
164,14,C1(P2OC(C=CC3=C4C=CC=C3)=C4C(C(C=CC=C5)=C5C=C6)=C6O2)=CC=CC=C1P7OC8=CC=C9C(C=CC=C9)=C8C%10=C%11C(C=CC=C%11)=CC=C%10O7,L1.95,2,O=C1C=CCCCC1,15,OB(O)c1ccccc1,7,7.5,100,-7.794099338,0,9
165,198,C12=CC=CC=C1C=CC(P(C3=CC=CC=C3)C4=CC=CC=C4)=C2C5=C(C=CC=C6)C6=CC=C5P(C7=CC=CC=C7)C8=CC=CC=C8,L1.1,2,COc1ccc(/C=C/[N+](=O)[O-])cc1,218,OB(O)c1ccccc1,7,45.0,100,-0.622554565,0,0
166,468,[C@H]1(C2=CC(C3=CC=CC=C3)=CC(C4=CC=CC=C4)=C2)C(CP(C5=CC=CC=C5)C6=CC=CC=C6)([C@H]1C7=CC(C8=CC=CC=C8)=CC(C9=CC=CC=C9)=C7)CP(C%10=CC=CC=C%10)C%11=CC=CC=C%11,L1.104,0,O=C1C=CCCCC1,15,OB(O)c1ccccc1,7,76.5,50,3.1710495309197637,1,2
167,225,C12C(OCC2)C=CC(P(C3=CC=CC=C3)C4=CC=CC=C4)=C1C5=C(OCC6)C6=CC=C5P(C7=CC=CC=C7)C8=CC=CC=C8,L1.30,1,O=C1C=CCCC1,0,COc1ccc(B(O)O)cc1,10,98.0,100,12.073863035611195,1,4
168,206,C12=CC=CC=C1C=CC(P(C3=CC=CC=C3)C4=CC=CC=C4)=C2C5=C(C=CC=C6)C6=CC=C5P(C7=CC=CC=C7)C8=CC=CC=C8,L1.18,1,O=[N+]([O-])C1=CCCCC1,208,OB(O)c1ccccc1,7,99.5,100,16.42178532510618,1,5
169,98,C12=CC=CC=C1C=CC(P(C3=CC=CC=C3)C4=CC=CC=C4)=C2C5=C(C=CC=C6)C6=CC=C5P(C7=CC=CC=C7)C8=CC=CC=C8,L1.1,2,O=C1C=CCCCC1,15,Cc1ccc(/C=C/B(O)O)cc1,106,2.5,110,-11.67030896,0,4
170,192,C12=CC=CC=C1C=CC(P(C3=CC=CC=C3)C4=CC=CC=C4)=C2C5=C(C=CC=C6)C6=CC=C5P(C7=CC=CC=C7)C8=CC=CC=C8,L1.18,1,CCCCC/C=C/C(C)=O,19,OB(O)c1ccccc1,7,96.0,100,9.859496001,1,2
171,302,COC(C=CC=C1P(C2=CC=CC=C2)C3=CC=CC=C3)=C1C4=C(P(C5=CC=CC=C5)C6=CC=CC=C6)C=CC7=CC=CC=C74,L1.22,1,O=C1C=CCCC1,0,COc1cccc(B(O)O)c1,18,97.5,100,11.365720446897749,1,6
172,171,C12=CC=CC=C1C=CC(P(C3=CC=CC=C3)C4=CC=CC=C4)=C2C5=C(C=CC=C6)C6=CC=C5P(C7=CC=CC=C7)C8=CC=CC=C8,L1.1,2,CC(=O)/C=C/[Si](C)(C)c1ccccc1,2,OB(O)c1ccccc1,7,14.0,50,-4.877083461,0,5
173,155,C12=CC=CC=C1C=CC(P(C3=CC=CC=C3)C4=CC=CC=C4)=C2C5=C(C=CC=C6)C6=CC=C5P(C7=CC=CC=C7)C8=CC=CC=C8,L1.18,1,O=C1C=CCCC1,0,OB(O)c1cccc(Cl)c1,8,98.0,100,12.073863035611195,1,8
174,479,[C@H]1(P(C2=CC=CC=C2)C3=CC=CC=C3)C[C@H]4[C@@H](P(C5=CC=CC=C5)C6=CC=CC=C6)C[C@@H]1C4,L1.67,0,O=C1C=CCCC1,0,OB(O)c1cccc2ccccc12,24,2.5,50,-9.842777871,0,7
175,311,COC1=CC(P(C2=CC=CC=C2)C3=CC=CC=C3)=C(C4=C(OC)N=C(OC)C=C4P(C5=CC=CC=C5)C6=CC=CC=C6)C(OC)=N1,L1.54,1,O=C1C=CCCCC1,15,COc1ccc(B(O)O)cc1,10,99.5,100,16.42178532510618,1,7
176,463,[C@H]1(C2=CC(C3=CC=CC=C3)=CC(C4=CC=CC=C4)=C2)C(CP(C5=CC=CC=C5)C6=CC=CC=C6)([C@H]1C7=CC(C8=CC=CC=C8)=CC(C9=CC=CC=C9)=C7)CP(C%10=CC=CC=C%10)C%11=CC=CC=C%11,L1.104,0,O=C1C=CCCC1,0,Cc1ccccc1B(O)O,6,18.5,50,-3.983879689,0,7
177,293,CCOC(C=C1)=CC(C1=CC=C2P(C3=CC=CC=C3)C4=CC=CC=C4)=C2C5=C(P(C6=CC=CC=C6)C7=CC=CC=C7)C=CC8=CC=C(OCC)C=C85,L1.7,2,O=C1C=CCCC1,0,OB(O)c1ccccc1,7,1.0,100,-14.25575783,0,4
178,65,C12=CC=CC=C1C=CC(P(C3=CC=CC=C3)C4=CC=CC=C4)=C2C5=C(C=CC=C6)C6=CC=C5P(C7=CC=CC=C7)C8=CC=CC=C8,L1.18,1,CCCC/C=C/C(=O)OC(C)C,116,CO[B-](OC)(OC)c1ccccc1.[Li+],67,97.5,100,11.365720446897749,1,6
179,166,C12=CC=CC=C1C=CC(P(C3=CC=CC=C3)C4=CC=CC=C4)=C2C5=C(C=CC=C6)C6=CC=C5P(C7=CC=CC=C7)C8=CC=CC=C8,L1.1,2,C/C=C/S(=O)(=O)c1ccccn1,243,OB(O)c1ccccc1,7,13.5,100,-5.762510154,0,3
180,72,C12=CC=CC=C1C=CC(P(C3=CC=CC=C3)C4=CC=CC=C4)=C2C5=C(C=CC=C6)C6=CC=C5P(C7=CC=CC=C7)C8=CC=CC=C8,L1.1,2,O=C/C=C/c1ccccc1,87,COc1ccc(B(O)O)cc1,10,5.5,50,-7.640488601,0,3
181,358,C[C@H](P(C1=CC=CC=C1)C2=CC=CC=C2)[C@H](C)P(C3=CC=CC=C3)C4=CC=CC=C4,L1.66,0,C/C(=C\S(=O)(=O)c1ccccn1)c1ccccc1,249,OB(O)/C=C/c1ccccc1,89,97.0,100,10.784141163895436,1,9
182,345,C[C@H](P(C1=CC=CC=C1)C2=CC=CC=C2)[C@H](C)P(C3=CC=CC=C3)C4=CC=CC=C4,L1.66,0,O=C1C=CCCC1,0,COc1ccc([B-]23OCC(C)(CO2)CO3)cn1.[Li+],82,97.0,95,10.639639741358984,1,0
183,218,C12=CC=CC=C1C=CC(P(C3=CC=CC=C3)C4=CC=CC=C4)=C2C5=C(C=CC=C6)C6=CC=C5P(C7=CC=CC=C7)C8=CC=CC=C8,L1.18,1,C/C=C/C(=O)OCc1ccccc1,100,c1ccc(B2OCCO2)cc1,35,93.5,100,8.271410102019884,1,1
184,448,FC1=CC(P(C2=CC(F)=C(F)C(F)=C2)C3=CC=CC(OC)=C3C4=C(P(C5=CC(F)=C(F)C(F)=C5)C6=CC(F)=C(F)C(F)=C6)C=CC=C4OC)=CC(F)=C1F,L1.42,2,O=C1C=CCCO1,110,OB(O)c1ccccc1,7,7.5,20,-6.123114621,0,8
185,410,FC1=CC(P(C2=CC(F)=C(F)C(F)=C2)C3=C(C4=C5OCCOC5=CC=C4P(C6=CC(F)=C(F)C(F)=C6)C7=CC(F)=C(F)C(F)=C7)C8C(OCCO8)C=C3)=CC(F)=C1F,L1.34,2,O=C1C=CCC1,6,OB(O)c1ccccc1,7,1.5,20,-10.19889172,0,7
186,89,C12=CC=CC=C1C=CC(P(C3=CC=CC=C3)C4=CC=CC=C4)=C2C5=C(C=CC=C6)C6=CC=C5P(C7=CC=CC=C7)C8=CC=CC=C8,L1.18,1,CC(=O)OC1CCCC=C1[N+](=O)[O-],209,COc1cccc(B(O)O)c1,18,98.0,50,10.456033337686607,1,7
187,178,C12=CC=CC=C1C=CC(P(C3=CC=CC=C3)C4=CC=CC=C4)=C2C5=C(C=CC=C6)C6=CC=C5P(C7=CC=CC=C7)C8=CC=CC=C8,L1.1,2,CC(C)(C)OC(=O)/C=C1/C(=O)N(Cc2ccccc2)c2cccc(Br)c21,191,OB(O)c1ccccc1,7,25.0,40,-2.860269063,0,6
188,413,FC1=CC(P(C2=CC(F)=C(F)C(F)=C2)C3=C(C4=C5OCCOC5=CC=C4P(C6=CC(F)=C(F)C(F)=C6)C7=CC(F)=C(F)C(F)=C7)C8C(OCCO8)C=C3)=CC(F)=C1F,L1.34,2,O=C1C=CCCO1,110,OB(O)c1ccccc1,7,3.0,20,-8.472118403,0,5
189,341,C[C@H](P(C1=CC=CC=C1)C2=CC=CC=C2)[C@H](C)P(C3=CC=CC=C3)C4=CC=CC=C4,L1.66,0,CCCCC/C=C/S(=O)(=O)c1ccccn1,247,COc1ccc(B(O)O)cc1,10,90.5,100,6.992920050439323,1,0
190,316,COC1=CC(P(C2=CC=CC=C2)C3=CC=CC=C3)=C(C4=C(OC)N=C(OC)C=C4P(C5=CC=CC=C5)C6=CC=CC=C6)C(OC)=N1,L1.54,1,O=C1C=CCCC1,0,OB(O)c1cccc(Cl)c1,8,99.5,100,16.42178532510618,1,7
191,180,C12=CC=CC=C1C=CC(P(C3=CC=CC=C3)C4=CC=CC=C4)=C2C5=C(C=CC=C6)C6=CC=C5P(C7=CC=CC=C7)C8=CC=CC=C8,L1.1,2,CC(C)(C)c1ccccc1N1C(=O)C=CC1=O,171,OB(O)c1ccccc1,7,8.5,50,-6.384258729,0,6
192,146,C12=CC=CC=C1C=CC(P(C3=CC=CC=C3)C4=CC=CC=C4)=C2C5=C(C=CC=C6)C6=CC=C5P(C7=CC=CC=C7)C8=CC=CC=C8,L1.1,2,CCOC(=O)/C=C/CNC(=O)OC(C)(C)C,101,OB(O)c1ccc(F)cc1,21,5.0,100,-9.134736506,0,5
193,369,C[C@H](P(C1=CC=CC=C1)C2=CC=CC=C2)[C@H](C)P(C3=CC=CC=C3)C4=CC=CC=C4,L1.66,0,CC(C)/C=C/S(=O)(=O)c1ccccn1,246,OB(O)c1ccccc1,7,89.0,100,6.486250575,1,3
194,412,FC1=CC(P(C2=CC(F)=C(F)C(F)=C2)C3=C(C4=C5OCCOC5=CC=C4P(C6=CC(F)=C(F)C(F)=C6)C7=CC(F)=C(F)C(F)=C7)C8C(OCCO8)C=C3)=CC(F)=C1F,L1.34,2,O=C1C=CCCCC1,15,OB(O)c1ccccc1,7,4.5,20,-7.445915062,0,2
195,461,N=C(N)NCC1=CC=C(C(C2=C(C=CC(CNC(N)=N)=C3)C3=CC=C2P(C4=CC=CC=C4)C5=CC=CC=C5)=C(P(C6=CC=CC=C6)C7=CC=CC=C7)C=C8)C8=C1,L1.14,2,O=C1C=CCCCC1,15,OB(O)c1ccccc1,7,5.5,100,-8.82267777,0,0
196,322,COC1=CC=C2C(C(C3=C(C=C(OC)C=C4)C4=CC=C3P(C5=CC=CC=C5)C6=CC=CC=C6)=C(P(C7=CC=CC=C7)C8=CC=CC=C8)C=C2)=C1,L1.6,2,O=C1C=CCCC1,0,OB(O)c1ccccc1,7,3.0,100,-10.78414116,0,6
197,384,FC(C1=CC(P(C2=CC(C(F)(F)F)=CC(C(F)(F)F)=C2)C3=C(C4=C5OCCOC5=CC=C4P(C6=CC(C(F)(F)F)=CC(C(F)(F)F)=C6)C7=CC(C(F)(F)F)=CC(C(F)(F)F)=C7)C8C(OCCO8)C=C3)=CC(C(F)(F)F)=C1)(F)F,L1.33,2,CN1C(=O)C=CC1=O,168,COc1ccc2cc(B(O)O)ccc2c1,129,5.0,30,-7.421131909,0,9
198,142,C12=CC=CC=C1C=CC(P(C3=CC=CC=C3)C4=CC=CC=C4)=C2C5=C(C=CC=C6)C6=CC=C5P(C7=CC=CC=C7)C8=CC=CC=C8,L1.1,2,C/C=C/S(=O)(=O)c1ccccn1,243,OB(O)c1ccc(F)cc1,21,12.0,100,-6.181253777,0,7
199,126,C12=CC=CC=C1C=CC(P(C3=CC=CC=C3)C4=CC=CC=C4)=C2C5=C(C=CC=C6)C6=CC=C5P(C7=CC=CC=C7)C8=CC=CC=C8,L1.1,2,O=C1C=CCCCC1,15,F[B-](F)(F)c1ccccc1.[K+],1,2.5,110,-11.67030896,0,4
200,270,CC([P@@](C)C1=NC2=CC=CC=C2N=C1[P@@](C(C)(C)C)C)(C)C,L1.68,0,O=C1C=CCCC1,0,Cc1cc(C)cc([B-](OC(C)C)(OC(C)C)OC(C)C)c1.[Li+],61,1.0,60,-12.72760478,0,8
201,305,COC(C=CC=C1P(C2=CC=CC=C2)C3=CC=CC=C3)=C1C4=C(P(C5=CC=CC=C5)C6=CC=CC=C6)C=CC=C4OC,L1.38,2,O=C1C=CCCC1,0,C=C[B-](F)(F)F.[K+],97,5.5,110,-9.059115604,0,0
202,394,FC(C1=CC(P(C2=CC(C(F)(F)F)=CC(C(F)(F)F)=C2)C3=C(C4=C5OCCOC5=CC=C4P(C6=CC(C(F)(F)F)=CC(C(F)(F)F)=C6)C7=CC(C(F)(F)F)=CC(C(F)(F)F)=C7)C8C(OCCO8)C=C3)=CC(C(F)(F)F)=C1)(F)F,L1.33,2,CN1C(=O)C=CC1=O,168,OB(O)c1cccc(Br)c1,128,10.0,30,-5.537860875,0,8
203,425,FC1=CC(P(C2=CC(F)=C(F)C(F)=C2)C3=CC=CC(OC)=C3C4=C(P(C5=CC(F)=C(F)C(F)=C5)C6=CC(F)=C(F)C(F)=C6)C=CC=C4OC)=CC(F)=C1F,L1.42,2,CN1C(=O)C=CC1=O,168,Cc1cccc(B(O)O)c1,17,4.0,-10,-6.953038651,0,5
204,107,C12=CC=CC=C1C=CC(P(C3=CC=CC=C3)C4=CC=CC=C4)=C2C5=C(C=CC=C6)C6=CC=C5P(C7=CC=CC=C7)C8=CC=CC=C8,L1.18,1,O=[N+]([O-])C1=CCCCC1,208,Cc1ccc(B(O)O)cc1,12,99.0,100,14.25575783385418,1,6
205,417,FC1=CC(P(C2=CC(F)=C(F)C(F)=C2)C3=CC=CC(OC)=C3C4=C(P(C5=CC(F)=C(F)C(F)=C5)C6=CC(F)=C(F)C(F)=C6)C=CC=C4OC)=CC(F)=C1F,L1.42,2,O=C1C=CCCC1,0,COc1cccc(B(O)O)c1,18,1.0,100,-14.25575783,0,7
206,193,C12=CC=CC=C1C=CC(P(C3=CC=CC=C3)C4=CC=CC=C4)=C2C5=C(C=CC=C6)C6=CC=C5P(C7=CC=CC=C7)C8=CC=CC=C8,L1.1,2,CCOC(=O)/C=C/CN1C(=O)c2ccccc2C1=O,103,OB(O)c1ccccc1,7,29.0,100,-2.7778118,0,8
207,219,C12=CC=CC=C1C=CC(P(C3=CC=CC=C3)C4=CC=CC=C4)=C2C5=C(C=CC=C6)C6=CC=C5P(C7=CC=CC=C7)C8=CC=CC=C8,L1.18,1,O=C1C=CCCC1,0,c1ccc(B2[C@H]3CCC[C@@H]2CCC3)cc1,2,99.0,80,13.491681305173802,1,4
208,67,C12=CC=CC=C1C=CC(P(C3=CC=CC=C3)C4=CC=CC=C4)=C2C5=C(C=CC=C6)C6=CC=C5P(C7=CC=CC=C7)C8=CC=CC=C8,L1.18,1,CC(=O)/C=C/c1ccc2c(c1)OCO2,83,CO[C@H](C/C=C/[B-](F)(F)F)c1ccccc1.[K+],105,87.0,80,5.581384298288408,1,3
209,378,C[Si](C1=C2C(C(C3=C(C=CC=C4[Si](C)(C)C)C4=CC=C3P(C5=CC=CC=C5)C6=CC=CC=C6)=C(P(C7=CC=CC=C7)C8=CC=CC=C8)C=C2)=CC=C1)(C)C,L1.17,2,CCC/C=C/C(=O)OC,111,OB(O)c1ccccc1,7,8.0,100,-7.577061974,0,9
210,4,C1(CCCC2)=C2C=CC(P(C3=CC=CC=C3)C4=CC=CC=C4)=C1C5=C6CCCCC6=CC=C5P(C7=CC=CC=C7)C8=CC=CC=C8,L1.21,2,O=C1C=CCCN1,176,Fc1ccc(B2OB(c3ccc(F)cc3)OB(c3ccc(F)cc3)O2)cc1,28,1.0,40,-11.96352825,0,1
211,396,FC(C1=CC(P(C2=CC(C(F)(F)F)=CC(C(F)(F)F)=C2)C3=C(C4=C5OCCOC5=CC=C4P(C6=CC(C(F)(F)F)=CC(C(F)(F)F)=C6)C7=CC(C(F)(F)F)=CC(C(F)(F)F)=C7)C8C(OCCO8)C=C3)=CC(C(F)(F)F)=C1)(F)F,L1.33,2,CN1C(=O)C=CC1=O,168,OB(O)c1ccccc1,7,49.0,50,-0.107481096,0,2
212,83,C12=CC=CC=C1C=CC(P(C3=CC=CC=C3)C4=CC=CC=C4)=C2C5=C(C=CC=C6)C6=CC=C5P(C7=CC=CC=C7)C8=CC=CC=C8,L1.18,1,O=C1C=CCCC1,0,COc1ccc([B-]23OCC(C)(CO2)CO3)s1.[Li+],83,95.0,95,9.012336177,1,8
213,70,C12=CC=CC=C1C=CC(P(C3=CC=CC=C3)C4=CC=CC=C4)=C2C5=C(C=CC=C6)C6=CC=C5P(C7=CC=CC=C7)C8=CC=CC=C8,L1.18,1,CC(=O)OC1CCCC=C1[N+](=O)[O-],209,COc1ccc(B(O)O)cc1,10,98.0,50,10.456033337686607,1,8
214,267,CC([P@@](C)C1=NC2=CC=CC=C2N=C1[P@@](C(C)(C)C)C)(C)C,L1.68,0,O=C1C=CCCC1,0,COc1ccc([B-](OC)(OC)OC)cc1.[Li+],51,0.5,60,-14.66144387,0,2
215,478,[C@H]1(P(C2=CC=CC=C2)C3=CC=CC=C3)C[C@H]4[C@@H](P(C5=CC=CC=C5)C6=CC=CC=C6)C[C@@H]1C4,L1.67,0,O=C1C=CCCC1,0,OB(O)c1ccc(C(F)(F)F)cc1,9,4.0,50,-8.538379024,0,4
216,143,C12=CC=CC=C1C=CC(P(C3=CC=CC=C3)C4=CC=CC=C4)=C2C5=C(C=CC=C6)C6=CC=C5P(C7=CC=CC=C7)C8=CC=CC=C8,L1.18,1,CC(=O)OC1CCCC=C1[N+](=O)[O-],209,OB(O)c1ccc(F)cc1,21,99.0,50,12.345566512153232,1,1
217,248,CC([P@@](C#CC)CC[P@](C#CC)C(C)(C)C)(C)C,L1.70,0,O=C1C=CCCC1,0,COc1ccc(B(O)O)cc1,10,0.5,40,-13.78127315,0,9
218,131,C12=CC=CC=C1C=CC(P(C3=CC=CC=C3)C4=CC=CC=C4)=C2C5=C(C=CC=C6)C6=CC=C5P(C7=CC=CC=C7)C8=CC=CC=C8,L1.1,2,CC(C)OC(=O)/C=C/C1CCN(S(C)(=O)=O)CC1,121,OB(O)c1cc(F)cc(F)c1,116,0.5,60,-14.66144387,0,8
219,129,C12=CC=CC=C1C=CC(P(C3=CC=CC=C3)C4=CC=CC=C4)=C2C5=C(C=CC=C6)C6=CC=C5P(C7=CC=CC=C7)C8=CC=CC=C8,L1.1,2,O=C1C=CCCC1,0,Fc1ccc([B-](F)(F)F)cc1.[K+],53,1.0,110,-14.6377961,0,9
220,228,C12C(OCC2)C=CC(P(C3=CC=CC=C3)C4=CC=CC=C4)=C1C5=C(OCC6)C6=CC=C5P(C7=CC=CC=C7)C8=CC=CC=C8,L1.30,1,O=C1C=CCCC1,0,Cc1ccccc1B(O)O,6,94.5,100,8.822677770172534,1,6
221,211,C12=CC=CC=C1C=CC(P(C3=CC=CC=C3)C4=CC=CC=C4)=C2C5=C(C=CC=C6)C6=CC=C5P(C7=CC=CC=C7)C8=CC=CC=C8,L1.18,1,O=C1C=CCCC1,0,OB(O)c1ccsc1,84,99.5,40,13.781273146340617,1,5
222,426,FC1=CC(P(C2=CC(F)=C(F)C(F)=C2)C3=CC=CC(OC)=C3C4=C(P(C5=CC(F)=C(F)C(F)=C5)C6=CC(F)=C(F)C(F)=C6)C=CC=C4OC)=CC(F)=C1F,L1.42,2,O=C1C=CCCO1,110,Cc1cccc(B(O)O)c1,17,1.5,20,-10.19889172,0,9
223,81,C12=CC=CC=C1C=CC(P(C3=CC=CC=C3)C4=CC=CC=C4)=C2C5=C(C=CC=C6)C6=CC=C5P(C7=CC=CC=C7)C8=CC=CC=C8,L1.18,1,O=C1C=CCCC1,0,COc1ccc([B-]23OCC(C)(CO2)CO3)cn1.[Li+],82,98.5,95,12.808193713633589,1,3
224,161,C12=CC=CC=C1C=CC(P(C3=CC=CC=C3)C4=CC=CC=C4)=C2C5=C(C=CC=C6)C6=CC=C5P(C7=CC=CC=C7)C8=CC=CC=C8,L1.18,1,C/C=C/C(=O)NCc1ccccc1,160,OB(O)c1ccccc1,7,97.5,100,11.365720446897749,1,3
225,483,[C@H]1(P(C2=CC=CC=C2)C3=CC=CC=C3)C[C@H]4[C@@H](P(C5=CC=CC=C5)C6=CC=CC=C6)C[C@@H]1C4,L1.67,0,O=C1C=CCCC1,0,OB(O)c1ccccc1,7,7.5,100,-7.794099338,0,5
226,335,C[C@H](P(C1=CC=CC=C1)C2=CC=CC=C2)[C@H](C)P(C3=CC=CC=C3)C4=CC=CC=C4,L1.66,0,CC(C)(C)OC(=O)/C=C/c1ccccc1,127,CN(C)c1ccc(B(O)O)cc1,117,91.0,50,6.215971472910288,1,0
227,18,C12=CC=C3C(C(C4=C(C=C(OCCCCCCO2)C=C5)C5=CC=C4P(C6=CC=CC=C6)C7=CC=CC=C7)=C(P(C8=CC=CC=C8)C9=CC=CC=C9)C=C3)=C1,L1.10,2,O=C1C=CCCC1,0,OB(O)c1ccccc1,7,4.5,100,-9.477889153,0,6
228,147,C12=CC=CC=C1C=CC(P(C3=CC=CC=C3)C4=CC=CC=C4)=C2C5=C(C=CC=C6)C6=CC=C5P(C7=CC=CC=C7)C8=CC=CC=C8,L1.1,2,O=C1C=CCCN1Cc1ccccc1,177,OB(O)c1ccc(F)cc1,21,5.5,100,-8.82267777,0,1
229,164,C12=CC=CC=C1C=CC(P(C3=CC=CC=C3)C4=CC=CC=C4)=C2C5=C(C=CC=C6)C6=CC=C5P(C7=CC=CC=C7)C8=CC=CC=C8,L1.18,1,C/C=C/C(N)=O,154,OB(O)c1ccccc1,7,94.5,100,8.822677770172534,1,0
230,144,C12=CC=CC=C1C=CC(P(C3=CC=CC=C3)C4=CC=CC=C4)=C2C5=C(C=CC=C6)C6=CC=C5P(C7=CC=CC=C7)C8=CC=CC=C8,L1.1,2,CC(C)(C)OC(=O)/C=C1/C(=O)N(Cc2ccccc2)c2ccccc21,190,OB(O)c1ccc(F)cc1,21,6.0,40,-7.163702257,0,6
231,365,C[C@H](P(C1=CC=CC=C1)C2=CC=CC=C2)[C@H](C)P(C3=CC=CC=C3)C4=CC=CC=C4,L1.66,0,CC(C)(C)OC(=O)/C=C/c1ccccc1,127,OB(O)c1ccc2c(c1)OCO2,74,97.0,50,9.339126938530914,1,8
232,339,C[C@H](P(C1=CC=CC=C1)C2=CC=CC=C2)[C@H](C)P(C3=CC=CC=C3)C4=CC=CC=C4,L1.66,0,CC(C)/C=C/S(=O)(=O)c1ccccn1,246,COc1ccc(B(O)O)cc1,10,88.0,100,6.181253776842806,1,7
233,100,C12=CC=CC=C1C=CC(P(C3=CC=CC=C3)C4=CC=CC=C4)=C2C5=C(C=CC=C6)C6=CC=C5P(C7=CC=CC=C7)C8=CC=CC=C8,L1.1,2,C/C=C/C(=O)NC(C)C,155,Cc1ccc(B(O)O)cc1,12,3.0,110,-11.07314401,0,1
234,139,C12=CC=CC=C1C=CC(P(C3=CC=CC=C3)C4=CC=CC=C4)=C2C5=C(C=CC=C6)C6=CC=C5P(C7=CC=CC=C7)C8=CC=CC=C8,L1.1,2,CC(C)(C)OC(=O)/C=C1/C(=O)N(Cc2ccccc2)c2ccccc21,190,OB(O)c1ccc(Cl)cc1,22,6.0,40,-7.163702257,0,9
235,317,COC1=CC(P(C2=CC=CC=C2)C3=CC=CC=C3)=C(C4=C(OC)N=C(OC)C=C4P(C5=CC=CC=C5)C6=CC=CC=C6)C(OC)=N1,L1.54,1,CC(=O)/C=C/C(C)C,12,OB(O)c1ccccc1,7,95.0,100,9.134736505801508,1,0
236,54,C12=CC=CC=C1C=CC(P(C3=CC=CC=C3)C4=CC=CC=C4)=C2C5=C(C=CC=C6)C6=CC=C5P(C7=CC=CC=C7)C8=CC=CC=C8,L1.18,1,O=C1C=CCCC1,0,COC/C=C/B1Oc2ccccc2O1,98,97.0,100,10.784141163895436,1,6
237,99,C12=CC=CC=C1C=CC(P(C3=CC=CC=C3)C4=CC=CC=C4)=C2C5=C(C=CC=C6)C6=CC=C5P(C7=CC=CC=C7)C8=CC=CC=C8,L1.1,2,O=C1C=CCCC1,0,Cc1ccc(/C=C/[B-](F)(F)F)cc1.[K+],104,2.5,110,-11.67030896,0,7
238,106,C12=CC=CC=C1C=CC(P(C3=CC=CC=C3)C4=CC=CC=C4)=C2C5=C(C=CC=C6)C6=CC=C5P(C7=CC=CC=C7)C8=CC=CC=C8,L1.18,1,O=C1C=CCCO1,110,Cc1ccc(B(O)O)cc1,12,98.5,100,12.982147179797291,1,5
239,364,C[C@H](P(C1=CC=CC=C1)C2=CC=CC=C2)[C@H](C)P(C3=CC=CC=C3)C4=CC=CC=C4,L1.66,0,CC(=O)/C=C/c1ccccc1,35,OB(O)c1ccc2c(c1)OCO2,74,94.5,20,6.9311750993597165,1,4
240,10,C1(CCCC2)=C2C=CC(P(C3=CC=CC=C3)C4=CC=CC=C4)=C1C5=C6CCCCC6=CC=C5P(C7=CC=CC=C7)C8=CC=CC=C8,L1.21,2,CC1=CC(=O)N(Cc2ccccc2)C1=O,175,OB(O)c1ccccc1,7,2.0,50,-10.45603334,0,4
241,181,C12=CC=CC=C1C=CC(P(C3=CC=CC=C3)C4=CC=CC=C4)=C2C5=C(C=CC=C6)C6=CC=C5P(C7=CC=CC=C7)C8=CC=CC=C8,L1.18,1,CC(C)=C1CCC=CC1=O,22,OB(O)c1ccccc1,7,94.5,100,8.822677770172534,1,9
242,120,C12=CC=CC=C1C=CC(P(C3=CC=CC=C3)C4=CC=CC=C4)=C2C5=C(C=CC=C6)C6=CC=C5P(C7=CC=CC=C7)C8=CC=CC=C8,L1.1,2,C/C=C/C(=O)NCc1ccccc1,160,F[B-](F)(F)c1cccc(Cl)c1.[K+],46,3.5,110,-10.565633,0,1
243,224,C12C(OCC2)C=CC(P(C3=CC=CC=C3)C4=CC=CC=C4)=C1C5=C(OCC6)C6=CC=C5P(C7=CC=CC=C7)C8=CC=CC=C8,L1.30,1,O=C1C=CCCC1,0,CCCCCC/C=C/B(O)O,101,96.5,100,10.28987590712608,1,5
244,370,C[C@H](P(C1=CC=CC=C1)C2=CC=CC=C2)[C@H](C)P(C3=CC=CC=C3)C4=CC=CC=C4,L1.66,0,CCCCC/C=C/S(=O)(=O)c1ccccn1,247,OB(O)c1ccccc1,7,92.0,100,7.577061974006026,1,9
245,325,C[C@@H](P(C1=CC=CC=C1)C2=CC=CC=C2)[C@@H](C)P(C3=CC=CC=C3)C4=CC=CC=C4,L1.65,0,CC(C)/C=C/C(=O)OC(C)C,114,COc1cccc(B(O)O)c1,18,11.5,100,-6.330866619,0,2
246,419,FC1=CC(P(C2=CC(F)=C(F)C(F)=C2)C3=CC=CC(OC)=C3C4=C(P(C5=CC(F)=C(F)C(F)=C5)C6=CC(F)=C(F)C(F)=C6)C=CC=C4OC)=CC(F)=C1F,L1.50,1,O=c1ccoc2ccccc12,28,COc1cccc(B(O)O)c1,18,99.5,20,12.901102420085426,1,4
247,27,C12=CC=C3C(C(C4=C(C=C(OCCOCCO2)C=C5)C5=CC=C4P(C6=CC=CC=C6)C7=CC=CC=C7)=C(P(C8=CC=CC=C8)C9=CC=CC=C9)C=C3)=C1,L1.12,2,O=C1C=CCC1,6,OB(O)c1ccccc1,7,5.0,100,-9.134736506,0,1
248,41,C12=CC=CC=C1C=CC(P(C3=CC=CC=C3)C4=CC=CC=C4)=C2C5=C(C=CC=C6)C6=CC=C5P(C7=CC=CC=C7)C8=CC=CC=C8,L1.1,2,CC(C)(C)OC(=O)/C=C1/C(=O)N(Cc2ccccc2)c2ccccc21,190,CC(C)(C)c1ccc(B(O)O)cc1,20,7.0,40,-6.73452098,0,6
249,233,C12C(OCC2)C=CC(P(C3=CC=CC=C3)C4=CC=CC=C4)=C1C5=C(OCC6)C6=CC=C5P(C7=CC=CC=C7)C8=CC=CC=C8,L1.30,1,O=C1C=CCCCC1,15,OB(O)c1ccccc1,7,97.5,100,11.365720446897749,1,1
250,404,FC(O1)(F)OC2C1C(C3=C(OC(F)(F)O4)C4=CC=C3P(C5=CC=CC=C5)C6=CC=CC=C6)=C(P(C7=CC=CC=C7)C8=CC=CC=C8)C=C2,L1.28,2,O=C1C=CCC1,6,OB(O)c1ccccc1,7,0.5,20,-12.90110242,0,4
251,170,C12=CC=CC=C1C=CC(P(C3=CC=CC=C3)C4=CC=CC=C4)=C2C5=C(C=CC=C6)C6=CC=C5P(C7=CC=CC=C7)C8=CC=CC=C8,L1.1,2,CC(=O)/C=C/CCCC(C)=O,276,OB(O)c1ccccc1,7,2.5,95,-11.21342619,0,7
252,467,[C@H]1(C2=CC(C3=CC=CC=C3)=CC(C4=CC=CC=C4)=C2)C(CP(C5=CC=CC=C5)C6=CC=CC=C6)([C@H]1C7=CC(C8=CC=CC=C8)=CC(C9=CC=CC=C9)=C7)CP(C%10=CC=CC=C%10)C%11=CC=CC=C%11,L1.104,0,O=C1C=CCCC1,0,OB(O)c1ccccc1,7,91.5,50,6.3842587285334185,1,3
253,456,IC1=C2C(C(C3=C(C=CC=C4I)C4=CC=C3P(C5=CC=CC=C5)C6=CC=CC=C6)=C(P(C7=CC=CC=C7)C8=CC=CC=C8)C=C2)=CC=C1,L1.15,2,O=C1C=CCCC1,0,OB(O)c1ccccc1,7,1.0,100,-14.25575783,0,1
254,84,C12=CC=CC=C1C=CC(P(C3=CC=CC=C3)C4=CC=CC=C4)=C2C5=C(C=CC=C6)C6=CC=C5P(C7=CC=CC=C7)C8=CC=CC=C8,L1.18,1,C/C=C/C(=O)OC(C)(C)C,98,COc1cccc(B(O)O)c1,18,96.0,100,9.859496001,1,9
255,259,CC([P@@](C)C1=NC2=CC=CC=C2N=C1[P@@](C(C)(C)C)C)(C)C,L1.68,0,C/C=C/C(=O)c1ccccc1,39,CC(C)O[B-](OC(C)C)(OC(C)C)c1ccc(C(C)(C)C)cc1.[Li+],78,96.5,60,9.186847537073708,1,1
256,247,CC([P@@](C#CC(C)(C)C)CC[P@](C#CC(C)(C)C)C(C)(C)C)(C)C,L1.71,0,O=C1C=CCCC1,0,OB(O)c1ccccc1,7,27.0,50,-2.672221739,0,5
257,60,C12=CC=CC=C1C=CC(P(C3=CC=CC=C3)C4=CC=CC=C4)=C2C5=C(C=CC=C6)C6=CC=C5P(C7=CC=CC=C7)C8=CC=CC=C8,L1.18,1,CC(=O)/C=C/C(C)C,12,CO[B-](OC)(OC)c1ccccc1.[Li+],67,98.5,100,12.982147179797291,1,1
258,427,FC1=CC(P(C2=CC(F)=C(F)C(F)=C2)C3=CC=CC(OC)=C3C4=C(P(C5=CC(F)=C(F)C(F)=C5)C6=CC(F)=C(F)C(F)=C6)C=CC=C4OC)=CC(F)=C1F,L1.42,2,O=C1C=CCCC1,0,OB(O)c1ccc(C(F)(F)F)cc1,9,0.5,20,-12.90110242,0,3
259,3,C1(CCCC2)=C2C=CC(P(C3=CC=CC=C3)C4=CC=CC=C4)=C1C5=C6CCCCC6=CC=C5P(C7=CC=CC=C7)C8=CC=CC=C8,L1.21,2,CCC1=CC(=O)N(Cc2ccccc2)C1=O,183,Cc1ccccc1B(O)O,6,5.0,50,-7.910733222,0,1
260,150,C12=CC=CC=C1C=CC(P(C3=CC=CC=C3)C4=CC=CC=C4)=C2C5=C(C=CC=C6)C6=CC=C5P(C7=CC=CC=C7)C8=CC=CC=C8,L1.1,2,C/C=C/C(=O)NC(C)C,155,OB(O)c1ccc2ccccc2c1,11,2.5,110,-11.67030896,0,5
261,32,C12=CC=CC=C1C=CC(P(C3=CC=CC=C3)C4=CC=CC=C4)=C2C5=C(C=CC=C6)C6=CC=C5P(C7=CC=CC=C7)C8=CC=CC=C8,L1.18,1,O=C1C=CCCC1,0,C(=C/c1ccccc1)\B1Oc2ccccc2O1,102,96.0,100,9.859496001,1,2
262,433,FC1=CC(P(C2=CC(F)=C(F)C(F)=C2)C3=CC=CC(OC)=C3C4=C(P(C5=CC(F)=C(F)C(F)=C5)C6=CC(F)=C(F)C(F)=C6)C=CC=C4OC)=CC(F)=C1F,L1.50,1,O=c1ccoc2ccccc12,28,OB(O)c1ccc2ccccc2c1,11,99.5,0,12.020931693830237,1,0
263,0,C1(CCCC2)=C2C=CC(P(C3=CC=CC=C3)C4=CC=CC=C4)=C1C5=C6CCCCC6=CC=C5P(C7=CC=CC=C7)C8=CC=CC=C8,L1.21,2,CC1=CC(=O)N(Cc2ccccc2)C1=O,175,COc1ccc(B(O)O)cc1,10,5.0,50,-7.910733222,0,8
264,158,C12=CC=CC=C1C=CC(P(C3=CC=CC=C3)C4=CC=CC=C4)=C2C5=C(C=CC=C6)C6=CC=C5P(C7=CC=CC=C7)C8=CC=CC=C8,L1.18,1,O=C1C=CCCC1,0,OB(O)c1cccc2ccccc12,24,99.0,100,14.25575783385418,1,8
265,295,CN(P1OC2=C(C3=C(O1)C=C(COCC4=CC(OP(N(C)C)O5)=C(C6=C5C=CC7=C6C=CC=C7)C8=C4C=CC=C8)C9=C3C=CC=C9)C%10=C(C=C2)C=CC=C%10)C,L1.90,2,CCCCC/C=C/C(C)=O,19,COc1cccc(B(O)O)c1,18,8.5,5,-5.495223783,0,9
266,395,FC(C1=CC(P(C2=CC(C(F)(F)F)=CC(C(F)(F)F)=C2)C3=C(C4=C5OCCOC5=CC=C4P(C6=CC(C(F)(F)F)=CC(C(F)(F)F)=C6)C7=CC(C(F)(F)F)=CC(C(F)(F)F)=C7)C8C(OCCO8)C=C3)=CC(C(F)(F)F)=C1)(F)F,L1.33,2,CN1C(=O)C=CC1=O,168,OB(O)c1cccc(Cl)c1,8,6.5,30,-6.719758736,0,4
267,470,[C@H]1(C2=CC=CC=C2)C(CP(C3=CC=CC=C3)C4=CC=CC=C4)([C@H]1C5=CC=CC=C5)CP(C6=CC=CC=C6)C7=CC=CC=C7,L1.103,0,O=C1C=CCCC1,0,Cc1ccccc1B(O)O,6,18.5,50,-3.983879689,0,9
268,135,C12=CC=CC=C1C=CC(P(C3=CC=CC=C3)C4=CC=CC=C4)=C2C5=C(C=CC=C6)C6=CC=C5P(C7=CC=CC=C7)C8=CC=CC=C8,L1.18,1,O=C1C=CCCO1,110,OB(O)c1ccc(C(F)(F)F)cc1,9,98.5,100,12.982147179797291,1,7
269,391,FC(C1=CC(P(C2=CC(C(F)(F)F)=CC(C(F)(F)F)=C2)C3=C(C4=C5OCCOC5=CC=C4P(C6=CC(C(F)(F)F)=CC(C(F)(F)F)=C6)C7=CC(C(F)(F)F)=CC(C(F)(F)F)=C7)C8C(OCCO8)C=C3)=CC(C(F)(F)F)=C1)(F)F,L1.33,2,CN1C(=O)C=CC1=O,168,OB(O)c1ccc(F)cc1,21,6.5,30,-6.719758736,0,6
270,301,COC(C=CC=C1P(C2=CC=CC=C2)C3=CC=CC=C3)=C1C4=C(P(C5=CC=CC=C5)C6=CC=CC=C6)C=CC7=CC=CC=C74,L1.22,1,O=C1C=CCCC1,0,COc1ccc([B-](F)(F)F)cn1.[K+],86,95.5,95,9.35089077271046,1,5
271,74,C12=CC=CC=C1C=CC(P(C3=CC=CC=C3)C4=CC=CC=C4)=C2C5=C(C=CC=C6)C6=CC=C5P(C7=CC=CC=C7)C8=CC=CC=C8,L1.18,1,C/C=C/C(=O)NCc1ccccc1,160,COc1ccc([B-](F)(F)F)cc1.[K+],50,88.5,100,6.330866619,1,1
272,85,C12=CC=CC=C1C=CC(P(C3=CC=CC=C3)C4=CC=CC=C4)=C2C5=C(C=CC=C6)C6=CC=C5P(C7=CC=CC=C7)C8=CC=CC=C8,L1.18,1,C/C=C/C(=O)OC(C)C,97,COc1cccc(B(O)O)c1,18,95.5,100,9.477889153,1,8
273,55,C12=CC=CC=C1C=CC(P(C3=CC=CC=C3)C4=CC=CC=C4)=C2C5=C(C=CC=C6)C6=CC=C5P(C7=CC=CC=C7)C8=CC=CC=C8,L1.18,1,CCC/C=C/C(=O)OC(C)C,113,CO[B-](OC)(OC)c1ccc(C(F)(F)F)cc1.[Li+],114,98.0,100,12.073863035611195,1,5
274,94,C12=CC=CC=C1C=CC(P(C3=CC=CC=C3)C4=CC=CC=C4)=C2C5=C(C=CC=C6)C6=CC=C5P(C7=CC=CC=C7)C8=CC=CC=C8,L1.1,2,C/C=C/C(=O)NCc1ccccc1,160,COc1cccc([B-](F)(F)F)c1.[K+],122,7.0,110,-8.239922444,0,9
275,103,C12=CC=CC=C1C=CC(P(C3=CC=CC=C3)C4=CC=CC=C4)=C2C5=C(C=CC=C6)C6=CC=C5P(C7=CC=CC=C7)C8=CC=CC=C8,L1.18,1,CC(=O)OC1CCCC=C1[N+](=O)[O-],209,Cc1ccc(B(O)O)cc1,12,97.5,50,9.842777870601656,1,5
276,110,C12=CC=CC=C1C=CC(P(C3=CC=CC=C3)C4=CC=CC=C4)=C2C5=C(C=CC=C6)C6=CC=C5P(C7=CC=CC=C7)C8=CC=CC=C8,L1.18,1,O=C1C=CCC1,6,Cc1ccc([B-](OC(C)C)(OC(C)C)OC(C)C)cc1.[Li+],19,96.5,100,10.28987590712608,1,1
277,250,CC([P@@](C#CC)CC[P@](C#CC)C(C)(C)C)(C)C,L1.70,0,CC(=O)/C=C/C(C)C,12,OB(O)c1ccccc1,7,0.5,40,-13.78127315,0,3
278,300,COC(C=CC=C1P(C2=CC=C(C(F)(F)F)C=C2)C3=CC=C(C(F)(F)F)C=C3)=C1C4=C(P(C5=CC=C(C(F)(F)F)C=C5)C6=CC=C(C(F)(F)F)C=C6)C=CC=C4OC,L1.39,2,O=C1C=CCCC1,0,OB(O)c1ccccc1,7,2.0,20,-9.485335519,0,2
279,363,C[C@H](P(C1=CC=CC=C1)C2=CC=CC=C2)[C@H](C)P(C3=CC=CC=C3)C4=CC=CC=C4,L1.66,0,O=S(=O)(/C=C/c1ccc2ccccc2c1)c1ccccn1,248,OB(O)c1ccc(F)cc1,21,4.0,100,-9.859496001,0,2
280,319,COC1=CC(P(C2=CC=CC=C2)C3=CC=CC=C3)=C(C4=C(OC)N=C(OC)C=C4P(C5=CC=CC=C5)C6=CC=CC=C6)C(OC)=N1,L1.55,2,Cc1ccc2oc(=O)ccc2c1,147,OB(O)c1ccccc1,7,1.5,50,-11.24261252,0,0
281,280,CC1=C(OC)C(C)=CC(P(C2=CC(C)=C(OC)C(C)=C2)C3=CC=C4C(C=CC=C4)=C3C5=C(P(C6=CC=CC=C6)C7=CC=CC=C7)C=CC8=CC=CC=C85)=C1,L1.2,2,O=C1C=CCCN1,176,Fc1ccc(B2OB(c3ccc(F)cc3)OB(c3ccc(F)cc3)O2)cc1,28,0.5,40,-13.78127315,0,0
282,197,C12=CC=CC=C1C=CC(P(C3=CC=CC=C3)C4=CC=CC=C4)=C2C5=C(C=CC=C6)C6=CC=C5P(C7=CC=CC=C7)C8=CC=CC=C8,L1.1,2,COC(=O)/C=C1/C(=O)N(Cc2ccccc2)c2ccccc21,187,OB(O)c1ccccc1,7,12.0,100,-6.181253777,0,1
283,79,C12=CC=CC=C1C=CC(P(C3=CC=CC=C3)C4=CC=CC=C4)=C2C5=C(C=CC=C6)C6=CC=C5P(C7=CC=CC=C7)C8=CC=CC=C8,L1.18,1,O=C1C=CCCC1,0,COc1ccc([B-](OC)(OC)OC)cc1.[Li+],51,99.0,100,14.25575783385418,1,0
284,9,C1(CCCC2)=C2C=CC(P(C3=CC=CC=C3)C4=CC=CC=C4)=C1C5=C6CCCCC6=CC=C5P(C7=CC=CC=C7)C8=CC=CC=C8,L1.21,2,CC(C)C1=CC(=O)N(Cc2ccccc2)C1,184,OB(O)c1ccccc1,7,1.0,50,-12.34556651,0,9
285,134,C12=CC=CC=C1C=CC(P(C3=CC=CC=C3)C4=CC=CC=C4)=C2C5=C(C=CC=C6)C6=CC=C5P(C7=CC=CC=C7)C8=CC=CC=C8,L1.18,1,O=C1C=CCCC1,0,OB(O)c1ccc(C(F)(F)F)cc1,9,99.5,100,16.42178532510618,1,6
286,336,C[C@H](P(C1=CC=CC=C1)C2=CC=CC=C2)[C@H](C)P(C3=CC=CC=C3)C4=CC=CC=C4,L1.66,0,C/C=C/S(=O)(=O)c1ccccn1,243,COc1ccc(B(O)O)cc1,10,88.5,100,6.330866619,1,8
287,306,COC(C=CC=C1P(C2=CC=CC=C2)C3=CC=CC=C3)=C1C4=C(P(C5=CC=CC=C5)C6=CC=CC=C6)C=CC=C4OC,L1.45,1,O=C1C=CCCC1,0,COc1cccc(B(O)O)c1,18,98.0,100,12.073863035611195,1,9
288,51,C12=CC=CC=C1C=CC(P(C3=CC=CC=C3)C4=CC=CC=C4)=C2C5=C(C=CC=C6)C6=CC=C5P(C7=CC=CC=C7)C8=CC=CC=C8,L1.18,1,CC(=O)/C=C/C(C)C,12,CCCCC/C=C/B1Oc2ccccc2O1,96,90.5,100,6.992920050439323,1,2
289,268,CC([P@@](C)C1=NC2=CC=CC=C2N=C1[P@@](C(C)(C)C)C)(C)C,L1.68,0,O=C1C=CCC1,6,COc1ccccc1[B-](OC(C)C)(OC(C)C)OC(C)C.[Li+],15,1.5,60,-11.59051945,0,2
290,380,FC(C(C=C1)=CC=C1P(C2=CC=C(C(F)(F)F)C=C2)C3=C(C4=C5OCCOC5=CC=C4P(C6=CC=C(C(F)(F)F)C=C6)C7=CC=C(C(F)(F)F)C=C7)C8C(OCCO8)C=C3)(F)F,L1.32,2,O=C1C=CCCC1,0,OB(O)c1ccccc1,7,0.5,20,-12.90110242,0,7
291,195,C12=CC=CC=C1C=CC(P(C3=CC=CC=C3)C4=CC=CC=C4)=C2C5=C(C=CC=C6)C6=CC=C5P(C7=CC=CC=C7)C8=CC=CC=C8,L1.1,2,CCOC(=O)/C=C1/C(=O)N(Cc2ccccc2)c2ccccc21,189,OB(O)c1ccccc1,7,11.0,100,-6.486250575,0,7
292,397,FC(C1=CC(P(C2=CC(C(F)(F)F)=CC(C(F)(F)F)=C2)C3=C(C4=C5OCCOC5=CC=C4P(C6=CC(C(F)(F)F)=CC(C(F)(F)F)=C6)C7=CC(C(F)(F)F)=CC(C(F)(F)F)=C7)C8C(OCCO8)C=C3)=CC(C(F)(F)F)=C1)(F)F,L1.33,2,O=C1C=CC(=O)N1C1CCCCC1,169,OB(O)c1ccccc1,7,10.0,50,-5.903215378,0,8
293,374,C[C@H]1CC[C@H](C)P1C2=CC=CC=C2P3[C@@H](C)CC[C@@H]3C,L1.60,0,C/C=C/C(=O)OC(C)C,97,COc1cccc(B(O)O)c1,18,35.5,100,-1.852525501,0,5
294,231,C12C(OCC2)C=CC(P(C3=CC=CC=C3)C4=CC=CC=C4)=C1C5=C(OCC6)C6=CC=C5P(C7=CC=CC=C7)C8=CC=CC=C8,L1.30,1,O=C1C=CCCC1,0,OB(O)c1ccc(Cl)cc1,22,99.0,100,14.25575783385418,1,1
295,203,C12=CC=CC=C1C=CC(P(C3=CC=CC=C3)C4=CC=CC=C4)=C2C5=C(C=CC=C6)C6=CC=C5P(C7=CC=CC=C7)C8=CC=CC=C8,L1.18,1,O=C1C=CCCO1,110,OB(O)c1ccccc1,7,99.0,100,14.25575783385418,1,2
296,440,FC1=CC(P(C2=CC(F)=C(F)C(F)=C2)C3=CC=CC(OC)=C3C4=C(P(C5=CC(F)=C(F)C(F)=C5)C6=CC(F)=C(F)C(F)=C6)C=CC=C4OC)=CC(F)=C1F,L1.50,1,COc1cc(OC)c2c(=O)ccoc2c1,33,OB(O)c1ccccc1,7,99.5,60,14.661443872595802,1,7
297,39,C12=CC=CC=C1C=CC(P(C3=CC=CC=C3)C4=CC=CC=C4)=C2C5=C(C=CC=C6)C6=CC=C5P(C7=CC=CC=C7)C8=CC=CC=C8,L1.18,1,O=C1C=CCO1,109,CC(C)(C)/C=C/B1OC(C)(C)C(C)(C)O1,120,93.0,65,7.272164360189665,1,0
298,292,CCOC(C=C1)=CC(C1=CC=C2P(C3=CC=CC=C3)C4=CC=CC=C4)=C2C5=C(P(C6=CC=CC=C6)C7=CC=CC=C7)C=CC8=CC=C(OCC)C=C85,L1.7,2,CC(=O)OC1CCCC=C1[N+](=O)[O-],209,OB(O)c1ccccc1,7,3.0,50,-9.339126939,0,1
299,154,C12=CC=CC=C1C=CC(P(C3=CC=CC=C3)C4=CC=CC=C4)=C2C5=C(C=CC=C6)C6=CC=C5P(C7=CC=CC=C7)C8=CC=CC=C8,L1.18,1,C[Si](C)(C)C1CC=CC(=O)C1,9,OB(O)c1cccc(Cl)c1,8,95.0,100,9.134736505801508,1,3
300,174,C12=CC=CC=C1C=CC(P(C3=CC=CC=C3)C4=CC=CC=C4)=C2C5=C(C=CC=C6)C6=CC=C5P(C7=CC=CC=C7)C8=CC=CC=C8,L1.18,1,CC(=O)OC1CCCC=C1[N+](=O)[O-],209,OB(O)c1ccccc1,7,98.5,50,11.242612518160245,1,4
301,113,C12=CC=CC=C1C=CC(P(C3=CC=CC=C3)C4=CC=CC=C4)=C2C5=C(C=CC=C6)C6=CC=C5P(C7=CC=CC=C7)C8=CC=CC=C8,L1.18,1,C/C=C/P(=O)(OCC)OCC,196,Clc1cccc(B2OB(c3cccc(Cl)c3)OB(c3cccc(Cl)c3)O2)c1,45,98.0,100,12.073863035611195,1,8
302,475,[C@H]1(C2=CC=CC=C2)C(CP(C3=CC=CC=C3)C4=CC=CC=C4)([C@H]1C5=CC=CC=C5)CP(C6=CC=CC=C6)C7=CC=CC=C7,L1.103,0,O=C1C=CCCCC1,15,OB(O)c1ccccc1,7,83.5,50,4.356397006502949,1,3
303,133,C12=CC=CC=C1C=CC(P(C3=CC=CC=C3)C4=CC=CC=C4)=C2C5=C(C=CC=C6)C6=CC=C5P(C7=CC=CC=C7)C8=CC=CC=C8,L1.18,1,O=C1C=CCC1,6,OB(O)c1ccc(C(F)(F)F)cc1,9,96.5,100,10.28987590712608,1,1
304,447,FC1=CC(P(C2=CC(F)=C(F)C(F)=C2)C3=CC=CC(OC)=C3C4=C(P(C5=CC(F)=C(F)C(F)=C5)C6=CC(F)=C(F)C(F)=C6)C=CC=C4OC)=CC(F)=C1F,L1.42,2,O=C1C=CCCCC1,15,OB(O)c1ccccc1,7,1.0,20,-11.19945172,0,2
305,318,COC1=CC(P(C2=CC=CC=C2)C3=CC=CC=C3)=C(C4=C(OC)N=C(OC)C=C4P(C5=CC=CC=C5)C6=CC=CC=C6)C(OC)=N1,L1.54,1,CN1C(=O)C=CC1=O,168,OB(O)c1ccccc1,7,64.0,50,1.545813069360322,1,2
306,444,FC1=CC(P(C2=CC(F)=C(F)C(F)=C2)C3=CC=CC(OC)=C3C4=C(P(C5=CC(F)=C(F)C(F)=C5)C6=CC(F)=C(F)C(F)=C6)C=CC=C4OC)=CC(F)=C1F,L1.42,2,O=C1C=CC(=O)N1Cc1ccccc1,174,OB(O)c1ccccc1,7,2.5,-10,-8.015246779,0,1
307,249,CC([P@@](C#CC)CC[P@](C#CC)C(C)(C)C)(C)C,L1.70,0,O=C1C=CCCC1,0,OB(O)c1ccc(C(F)(F)F)cc1,9,1.0,40,-11.96352825,0,7
308,47,C12=CC=CC=C1C=CC(P(C3=CC=CC=C3)C4=CC=CC=C4)=C2C5=C(C=CC=C6)C6=CC=C5P(C7=CC=CC=C7)C8=CC=CC=C8,L1.18,1,O=C1C=CCO1,109,CCCC/C=C/B1OC(C)(C)C(C)(C)O1,119,91.0,65,6.504504884928405,1,0
309,471,[C@H]1(C2=CC=CC=C2)C(CP(C3=CC=CC=C3)C4=CC=CC=C4)([C@H]1C5=CC=CC=C5)CP(C6=CC=CC=C6)C7=CC=CC=C7,L1.103,0,O=C1C=CCCC1,0,OB(O)c1ccc(C(F)(F)F)cc1,9,94.5,50,7.640488600914524,1,8
310,466,[C@H]1(C2=CC(C3=CC=CC=C3)=CC(C4=CC=CC=C4)=C2)C(CP(C5=CC=CC=C5)C6=CC=CC=C6)([C@H]1C7=CC(C8=CC=CC=C8)=CC(C9=CC=CC=C9)=C7)CP(C%10=CC=CC=C%10)C%11=CC=CC=C%11,L1.104,0,O=C1C=CCC1,6,OB(O)c1ccccc1,7,52.5,50,0.2688911355261758,1,1
311,73,C12=CC=CC=C1C=CC(P(C3=CC=CC=C3)C4=CC=CC=C4)=C2C5=C(C=CC=C6)C6=CC=C5P(C7=CC=CC=C7)C8=CC=CC=C8,L1.18,1,O=C1C=CCC1,6,COc1ccc(B(O)O)cc1,10,96.0,100,9.859496001,1,9
312,272,CC([P@@](C)C1=NC2=CC=CC=C2N=C1[P@@](C(C)(C)C)C)(C)C,L1.68,0,O=C1C=CCCC1,0,OB(O)c1ccc(C(F)(F)F)cc1,9,0.5,50,-14.22135851,0,4
313,151,C12=CC=CC=C1C=CC(P(C3=CC=CC=C3)C4=CC=CC=C4)=C2C5=C(C=CC=C6)C6=CC=C5P(C7=CC=CC=C7)C8=CC=CC=C8,L1.18,1,O=C1C=CCCO1,110,OB(O)c1ccc2ccccc2c1,11,99.0,100,14.25575783385418,1,8
314,58,C12=CC=CC=C1C=CC(P(C3=CC=CC=C3)C4=CC=CC=C4)=C2C5=C(C=CC=C6)C6=CC=C5P(C7=CC=CC=C7)C8=CC=CC=C8,L1.18,1,CCC/C=C/C(=O)OC(C)C,113,CO[B-](OC)(OC)c1ccc2ccccc2c1.[Li+],66,96.5,100,10.28987590712608,1,0
315,140,C12=CC=CC=C1C=CC(P(C3=CC=CC=C3)C4=CC=CC=C4)=C2C5=C(C=CC=C6)C6=CC=C5P(C7=CC=CC=C7)C8=CC=CC=C8,L1.18,1,CCOC(=O)/C=C/CNC(=O)OC(C)(C)C,101,OB(O)c1ccc(Cl)cc1,22,93.5,100,8.271410102019884,1,7
316,460,N=C(N)NCC1=CC=C(C(C2=C(C=CC(CNC(N)=N)=C3)C3=CC=C2P(C4=CC=CC=C4)C5=CC=CC=C5)=C(P(C6=CC=CC=C6)C7=CC=CC=C7)C=C8)C8=C1,L1.14,2,O=C1C=CCCC1,0,OB(O)c1ccccc1,7,48.0,100,-0.248322023,0,7
317,30,C12=CC=C3C(C(C4=C(C=C(OCCOCCOCCO2)C=C5)C5=CC=C4P(C6=CC=CC=C6)C7=CC=CC=C7)=C(P(C8=CC=CC=C8)C9=CC=CC=C9)C=C3)=C1,L1.13,2,CC(=O)OC1CCCC=C1[N+](=O)[O-],209,OB(O)c1ccccc1,7,5.0,50,-7.910733222,0,7
318,313,COC1=CC(P(C2=CC=CC=C2)C3=CC=CC=C3)=C(C4=C(OC)N=C(OC)C=C4P(C5=CC=CC=C5)C6=CC=CC=C6)C(OC)=N1,L1.54,1,O=C1C=CCCC1,0,OB(O)c1ccc(C(F)(F)F)cc1,9,99.5,100,16.42178532510618,1,0
319,78,C12=CC=CC=C1C=CC(P(C3=CC=CC=C3)C4=CC=CC=C4)=C2C5=C(C=CC=C6)C6=CC=C5P(C7=CC=CC=C7)C8=CC=CC=C8,L1.18,1,O=C1C=CCCC1,0,COc1ccc([B-](OC(C)C)(OC(C)C)OC(C)C)cc1C.[Li+],63,99.5,100,16.42178532510618,1,3
320,117,C12=CC=CC=C1C=CC(P(C3=CC=CC=C3)C4=CC=CC=C4)=C2C5=C(C=CC=C6)C6=CC=C5P(C7=CC=CC=C7)C8=CC=CC=C8,L1.18,1,C/C=C/C(=O)NCc1ccccc1,160,F[B-](F)(F)c1ccc(C(F)(F)F)cc1.[K+],124,96.0,100,9.859496001,1,2
321,362,C[C@H](P(C1=CC=CC=C1)C2=CC=CC=C2)[C@H](C)P(C3=CC=CC=C3)C4=CC=CC=C4,L1.66,0,CCCCC/C=C/S(=O)(=O)c1ccccn1,247,OB(O)c1ccc(F)cc1,21,6.5,100,-8.271410102,0,5
322,123,C12=CC=CC=C1C=CC(P(C3=CC=CC=C3)C4=CC=CC=C4)=C2C5=C(C=CC=C6)C6=CC=C5P(C7=CC=CC=C7)C8=CC=CC=C8,L1.1,2,C/C=C/C(=O)NCc1ccccc1,160,F[B-](F)(F)c1ccccc1.[K+],1,26.0,110,-3.331942351,0,1
323,97,C12=CC=CC=C1C=CC(P(C3=CC=CC=C3)C4=CC=CC=C4)=C2C5=C(C=CC=C6)C6=CC=C5P(C7=CC=CC=C7)C8=CC=CC=C8,L1.18,1,C/C=C/C(=O)OC(C)C,97,COc1ccccc1B(O)O,14,99.0,100,14.25575783385418,1,0
324,382,FC(C(C=C1)=CC=C1P(C2=CC=C(C(F)(F)F)C=C2)C3=C(C4=C5OCCOC5=CC=C4P(C6=CC=C(C(F)(F)F)C=C6)C7=CC=C(C(F)(F)F)C=C7)C8C(OCCO8)C=C3)(F)F,L1.32,2,O=C1C=CCO1,109,OB(O)c1ccccc1,7,1.5,20,-10.19889172,0,0
325,303,COC(C=CC=C1P(C2=CC=CC=C2)C3=CC=CC=C3)=C1C4=C(P(C5=CC=CC=C5)C6=CC=CC=C6)C=CC7=CC=CC=C74,L1.22,1,O=C1C=CCCC1,0,OB(O)c1cccc2ccccc12,24,98.0,100,12.073863035611195,1,7
326,226,C12C(OCC2)C=CC(P(C3=CC=CC=C3)C4=CC=CC=C4)=C1C5=C(OCC6)C6=CC=C5P(C7=CC=CC=C7)C8=CC=CC=C8,L1.30,1,O=C1C=CCCC1,0,Cc1cc(C)cc(B(O)O)c1,60,99.5,100,16.42178532510618,1,7
327,199,C12=CC=CC=C1C=CC(P(C3=CC=CC=C3)C4=CC=CC=C4)=C2C5=C(C=CC=C6)C6=CC=C5P(C7=CC=CC=C7)C8=CC=CC=C8,L1.1,2,O=C1C=CC2(OCCO2)c2ccccc21,46,OB(O)c1ccccc1,7,4.0,20,-7.745708838,0,0
328,172,C12=CC=CC=C1C=CC(P(C3=CC=CC=C3)C4=CC=CC=C4)=C2C5=C(C=CC=C6)C6=CC=C5P(C7=CC=CC=C7)C8=CC=CC=C8,L1.18,1,CC(=O)/C=C/c1ccccc1,35,OB(O)c1ccccc1,7,51.0,100,0.1241113139407008,1,5
329,430,FC1=CC(P(C2=CC(F)=C(F)C(F)=C2)C3=CC=CC(OC)=C3C4=C(P(C5=CC(F)=C(F)C(F)=C5)C6=CC(F)=C(F)C(F)=C6)C=CC=C4OC)=CC(F)=C1F,L1.42,2,O=C1C=CCCC1,0,OB(O)c1ccc(F)cc1,21,2.0,100,-12.07386304,0,0
330,321,COC1=CC=C2C(C(C3=C(C=C(OC)C=C4)C4=CC=C3P(C5=CC=CC=C5)C6=CC=CC=C6)=C(P(C7=CC=CC=C7)C8=CC=CC=C8)C=C2)=C1,L1.6,2,CC(=O)OC1CCCC=C1[N+](=O)[O-],209,OB(O)c1ccccc1,7,1.5,50,-11.24261252,0,8
331,340,C[C@H](P(C1=CC=CC=C1)C2=CC=CC=C2)[C@H](C)P(C3=CC=CC=C3)C4=CC=CC=C4,L1.66,0,CC(C)OC(=O)/C=C/c1ccccc1,126,COc1ccc(B(O)O)cc1,10,96.0,20,7.745708837767083,1,9
332,244,CC(C)OC(C=C1)=CC(C1=CC=C2P(C3=CC=CC=C3)C4=CC=CC=C4)=C2C5=C(P(C6=CC=CC=C6)C7=CC=CC=C7)C=CC8=CC=C(OC(C)C)C=C85,L1.9,2,CC(=O)OC1CCCC=C1[N+](=O)[O-],209,OB(O)c1ccccc1,7,2.5,50,-9.842777871,0,1
333,17,C12=CC=C3C(C(C4=C(C=C(OCCCCCCO2)C=C5)C5=CC=C4P(C6=CC=CC=C6)C7=CC=CC=C7)=C(P(C8=CC=CC=C8)C9=CC=CC=C9)C=C3)=C1,L1.10,2,CC(=O)OC1CCCC=C1[N+](=O)[O-],209,OB(O)c1ccccc1,7,7.0,50,-6.949578332,0,7
334,431,FC1=CC(P(C2=CC(F)=C(F)C(F)=C2)C3=CC=CC(OC)=C3C4=C(P(C5=CC(F)=C(F)C(F)=C5)C6=CC(F)=C(F)C(F)=C6)C=CC=C4OC)=CC(F)=C1F,L1.42,2,O=C1C=CCCO1,110,OB(O)c1ccc(F)cc1,21,1.0,20,-11.19945172,0,2
335,213,C12=CC=CC=C1C=CC(P(C3=CC=CC=C3)C4=CC=CC=C4)=C2C5=C(C=CC=C6)C6=CC=C5P(C7=CC=CC=C7)C8=CC=CC=C8,L1.18,1,C/C=C/P(=O)(OCC)OCC,196,c1ccc(B2OB(c3ccccc3)OB(c3ccccc3)O2)cc1,13,98.0,100,12.073863035611195,1,7
336,227,C12C(OCC2)C=CC(P(C3=CC=CC=C3)C4=CC=CC=C4)=C1C5=C(OCC6)C6=CC=C5P(C7=CC=CC=C7)C8=CC=CC=C8,L1.30,1,O=C1C=CCCC1,0,Cc1ccc(B(O)O)cc1,12,98.5,100,12.982147179797291,1,8
337,281,CC1=C(OC)C(C)=CC(P(C2=CC(C)=C(OC)C(C)=C2)C3=CC=C4C(C=CC=C4)=C3C5=C(P(C6=CC=CC=C6)C7=CC=CC=C7)C=CC8=CC=CC=C85)=C1,L1.2,2,O=C1C=CCCN1Cc1ccccc1,177,Fc1ccc(B2OB(c3ccc(F)cc3)OB(c3ccc(F)cc3)O2)cc1,28,2.0,40,-10.1324674,0,5
338,331,C[C@@H]1CC[C@@H](C)P1C2=CC=CC=C2P3[C@H](C)CC[C@H]3C,L1.59,0,CC(=O)/C=C/c1ccc2c(c1)OCO2,83,CO[C@H](C/C=C/[B-](F)(F)F)c1ccccc1.[K+],105,52.0,80,0.2350125215347564,1,3
339,246,CC(C=C1)=CC=C1P(C2=CC=C(C)C=C2)C3=CC=C4C(C=CC=C4)=C3C5=C(P(C6=CC=C(C)C=C6)C7=CC=C(C)C=C7)C=CC8=CC=CC=C85,L1.3,2,C/C=C/S(=O)(=O)c1ccccn1,243,OB(O)c1ccccc1,7,20.0,100,-4.300796789,0,4
340,326,C[C@@H](P(C1=CC=CC=C1)C2=CC=CC=C2)[C@@H](C)P(C3=CC=CC=C3)C4=CC=CC=C4,L1.65,0,CCCCOC(=O)c1nc(N(Cc2ccccc2)C(C)C)ccc1/C=C/C(=O)OC(C)(C)C,137,OB(O)c1ccc(Br)c(F)c1,118,2.5,50,-9.842777871,0,1
341,310,COC1=CC(P(C2=CC=CC=C2)C3=CC=CC=C3)=C(C4=C(OC)N=C(OC)C=C4P(C5=CC=CC=C5)C6=CC=CC=C6)C(OC)=N1,L1.54,1,O=C1C=CCCC1,0,COc1c(C)cc(B(O)O)cc1C,62,99.5,100,16.42178532510618,1,6
342,452,FC1=CC(P(C2=CC(F)=C(F)C(F)=C2)C3=CC=CC(OC)=C3C4=C(P(C5=CC(F)=C(F)C(F)=C5)C6=CC(F)=C(F)C(F)=C6)C=CC=C4OC)=CC(F)=C1F,L1.42,2,O=C1C=CCCC1,0,OB(O)c1ccccc1Cl,33,0.5,20,-12.90110242,0,3
343,372,C[C@H](P(C1=CC=CC=C1)C2=CC=CC=C2)[C@H](C)P(C3=CC=CC=C3)C4=CC=CC=C4,L1.66,0,O=S(=O)(/C=C/c1ccc2ccccc2c1)c1ccccn1,248,OB(O)c1ccccc1,7,6.4,100,-8.32282608,0,6
344,202,C12=CC=CC=C1C=CC(P(C3=CC=CC=C3)C4=CC=CC=C4)=C2C5=C(C=CC=C6)C6=CC=C5P(C7=CC=CC=C7)C8=CC=CC=C8,L1.1,2,O=C1C=CCCN1Cc1ccccc1,177,OB(O)c1ccccc1,7,3.5,100,-10.28987591,0,8
345,274,CC([P@@](C)C1=NC2=CC=CC=C2N=C1[P@@](C(C)(C)C)C)(C)C,L1.68,0,O=C1C=CCCC1,0,OB(O)c1ccccc1,7,1.0,40,-11.96352825,0,3
346,356,C[C@H](P(C1=CC=CC=C1)C2=CC=CC=C2)[C@H](C)P(C3=CC=CC=C3)C4=CC=CC=C4,L1.66,0,C/C=C/S(=O)(=O)c1ccccn1,243,OB(O)/C=C/Cc1ccccc1,138,96.0,100,9.859496001,1,4
347,215,C12=CC=CC=C1C=CC(P(C3=CC=CC=C3)C4=CC=CC=C4)=C2C5=C(C=CC=C6)C6=CC=C5P(C7=CC=CC=C7)C8=CC=CC=C8,L1.1,2,CC(C)O/C=C/C(=O)OC(C)(C)C,93,c1ccc(B2OB(c3ccccc3)OB(c3ccccc3)O2)cc1,13,0.5,60,-14.66144387,0,1
348,230,C12C(OCC2)C=CC(P(C3=CC=CC=C3)C4=CC=CC=C4)=C1C5=C(OCC6)C6=CC=C5P(C7=CC=CC=C7)C8=CC=CC=C8,L1.30,1,O=C1C=CCCC1,0,OB(O)c1ccc(-c2ccccc2)cc1,31,99.0,100,14.25575783385418,1,4
349,402,FC(C1=CC(P(C2=CC(C(F)(F)F)=CC(C(F)(F)F)=C2)C3=C(C4=C5OCCOC5=CC=C4P(C6=CC(C(F)(F)F)=CC(C(F)(F)F)=C6)C7=CC(C(F)(F)F)=CC(C(F)(F)F)=C7)C8C(OCCO8)C=C3)=CC(C(F)(F)F)=C1)(F)F,L1.33,2,O=C1C=CCO1,109,OB(O)c1ccccc1,7,11.5,20,-4.973585821,0,9
350,204,C12=CC=CC=C1C=CC(P(C3=CC=CC=C3)C4=CC=CC=C4)=C2C5=C(C=CC=C6)C6=CC=C5P(C7=CC=CC=C7)C8=CC=CC=C8,L1.18,1,O=C1C=CCO1,109,OB(O)c1ccccc1,7,98.0,100,12.073863035611195,1,7
351,420,FC1=CC(P(C2=CC(F)=C(F)C(F)=C2)C3=CC=CC(OC)=C3C4=C(P(C5=CC(F)=C(F)C(F)=C5)C6=CC(F)=C(F)C(F)=C6)C=CC=C4OC)=CC(F)=C1F,L1.42,2,CN1C(=O)C=CC1=O,168,COc1ccccc1B(O)O,14,2.5,0,-8.319835294,0,3
352,252,CC([P@@](C#CC)CC[P@](C#CC)C(C)(C)C)(C)C,L1.70,0,O=C1C=CCCC1,0,OB(O)c1ccccc1,7,0.5,40,-13.78127315,0,6
353,406,FC(O1)(F)OC2C1C(C3=C(OC(F)(F)O4)C4=CC=C3P(C5=CC=CC=C5)C6=CC=CC=C6)=C(P(C7=CC=CC=C7)C8=CC=CC=C8)C=C2,L1.28,2,O=C1C=CCCCC1,15,OB(O)c1ccccc1,7,4.0,20,-7.745708838,0,2
354,348,C[C@H](P(C1=CC=CC=C1)C2=CC=CC=C2)[C@H](C)P(C3=CC=CC=C3)C4=CC=CC=C4,L1.66,0,CC(C)(C)OC(=O)/C=C/c1ccc2ccccc2c1,152,COc1cccc(B(O)O)c1,18,89.0,80,6.138602145629283,1,3
355,350,C[C@H](P(C1=CC=CC=C1)C2=CC=CC=C2)[C@H](C)P(C3=CC=CC=C3)C4=CC=CC=C4,L1.66,0,COc1ccc(C(=O)/C=C/c2ccccc2)cc1,73,COc1cccc(B(O)O)c1,18,91.5,20,5.791568764566212,1,5
356,337,C[C@H](P(C1=CC=CC=C1)C2=CC=CC=C2)[C@H](C)P(C3=CC=CC=C3)C4=CC=CC=C4,L1.66,0,CC(=O)/C=C/c1ccccc1,35,COc1ccc(B(O)O)cc1,10,94.5,0,6.4582994316565125,1,5
357,450,FC1=CC(P(C2=CC(F)=C(F)C(F)=C2)C3=CC=CC(OC)=C3C4=C(P(C5=CC(F)=C(F)C(F)=C5)C6=CC(F)=C(F)C(F)=C6)C=CC=C4OC)=CC(F)=C1F,L1.50,1,O=c1ccoc2ccc(Cl)cc12,30,OB(O)c1ccccc1,7,99.5,40,13.781273146340617,1,9
358,176,C12=CC=CC=C1C=CC(P(C3=CC=CC=C3)C4=CC=CC=C4)=C2C5=C(C=CC=C6)C6=CC=C5P(C7=CC=CC=C7)C8=CC=CC=C8,L1.1,2,CC(C)(C)OC(=O)/C=C1/C(=O)N(Cc2ccccc2)c2ccc(Br)cc21,193,OB(O)c1ccccc1,7,11.0,40,-5.443305286,0,8
359,287,CC1=CC(P(C2=CC(C)=C(OC)C(C)=C2)C3=C(C4=C(C=CC=C5)C5=CC=C4P(C6=CC(C)=C(OC)C(C)=C6)C7=CC(C)=C(OC)C(C)=C7)C8=CC=CC=C8C=C3)=CC(C)=C1OC,L1.5,2,O=C1C=CCCN1,176,Clc1ccc(B2OB(c3ccc(Cl)cc3)OB(c3ccc(Cl)cc3)O2)cc1,29,1.0,60,-12.72760478,0,9
360,124,C12=CC=CC=C1C=CC(P(C3=CC=CC=C3)C4=CC=CC=C4)=C2C5=C(C=CC=C6)C6=CC=C5P(C7=CC=CC=C7)C8=CC=CC=C8,L1.1,2,CCCCCC/C=C/C(C)=O,34,F[B-](F)(F)c1ccccc1.[K+],1,2.5,110,-11.67030896,0,9
361,457,N=C(N)NCC1=CC=C(C(C2=C(C=CC(CNC(N)=N)=C3)C3=CC=C2P(C4=CC=CC=C4)C5=CC=CC=C5)=C(P(C6=CC=CC=C6)C7=CC=CC=C7)C=C8)C8=C1,L1.14,2,O=C1C=CCCC1,0,COc1ccc(B(O)O)cc1,10,1.5,100,-12.98214718,0,3
362,194,C12=CC=CC=C1C=CC(P(C3=CC=CC=C3)C4=CC=CC=C4)=C2C5=C(C=CC=C6)C6=CC=C5P(C7=CC=CC=C7)C8=CC=CC=C8,L1.1,2,CCOC(=O)/C=C/CNC(=O)OC(C)(C)C,101,OB(O)c1ccccc1,7,17.5,100,-4.810525499,0,2
363,389,FC(C1=CC(P(C2=CC(C(F)(F)F)=CC(C(F)(F)F)=C2)C3=C(C4=C5OCCOC5=CC=C4P(C6=CC(C(F)(F)F)=CC(C(F)(F)F)=C6)C7=CC(C(F)(F)F)=CC(C(F)(F)F)=C7)C8C(OCCO8)C=C3)=CC(C(F)(F)F)=C1)(F)F,L1.33,2,CN1C(=O)C=CC1=O,168,OB(O)c1ccc(Br)cc1,23,7.5,30,-6.331987711,0,5
364,446,FC1=CC(P(C2=CC(F)=C(F)C(F)=C2)C3=CC=CC(OC)=C3C4=C(P(C5=CC(F)=C(F)C(F)=C5)C6=CC(F)=C(F)C(F)=C6)C=CC=C4OC)=CC(F)=C1F,L1.42,2,O=C1C=CCCC1,0,OB(O)c1ccccc1,7,1.0,30,-11.58148998,0,0
365,258,CC([P@@](C#C[Si](C(C)C)(C(C)C)C(C)C)CC[P@](C#C[Si](C(C)C)(C(C)C)C(C)C)C(C)(C)C)(C)C,L1.73,0,O=C1C=CCCC1,0,OB(O)c1ccccc1,7,16.0,70,-4.730840299,0,7
366,346,C[C@H](P(C1=CC=CC=C1)C2=CC=CC=C2)[C@H](C)P(C3=CC=CC=C3)C4=CC=CC=C4,L1.66,0,CC(=O)/C=C/c1ccc2ccccc2c1,67,COc1cccc(B(O)O)c1,18,8.5,20,-5.791568765,0,0
367,13,C1(P2OC(C=CC3=C4C=CC=C3)=C4C(C(C=CC=C5)=C5C=C6)=C6O2)=CC=CC=C1OC7=C(P8OC9=CC=C%10C(C=CC=C%10)=C9C%11=C%12C(C=CC=C%12)=CC=C%11O8)C=CC=C7,L1.96,2,O=C1C=CCCCC1,15,OB(O)c1ccccc1,7,2.0,100,-12.07386304,0,9
368,352,C[C@H](P(C1=CC=CC=C1)C2=CC=CC=C2)[C@H](C)P(C3=CC=CC=C3)C4=CC=CC=C4,L1.66,0,O=C(/C=C/c1ccccc1)c1ccccc1,68,COc1cccc(B(O)O)c1,18,93.0,20,6.304406275882301,1,1
369,262,CC([P@@](C)C1=NC2=CC=CC=C2N=C1[P@@](C(C)(C)C)C)(C)C,L1.68,0,O=C1C=CCCC1,0,CC(C)O[B-](OC(C)C)(OC(C)C)c1cccc(F)c1.[Li+],44,0.5,60,-14.66144387,0,6
370,12,C1(P2OC(C=CC3=C4C=CC=C3)=C4C(C(C=CC=C5)=C5C=C6)=C6O2)=CC=CC=C1OC7=C(P8OC9=CC=C%10C(C=CC=C%10)=C9C%11=C%12C(C=CC=C%12)=CC=C%11O8)C=CC=C7,L1.96,2,O=C1C=CCCC1,0,OB(O)c1ccccc1,7,1.5,100,-12.98214718,0,0
371,454,FC1=CC(P(C2=CC(F)=C(F)C(F)=C2)C3=CC=CC(OC)=C3C4=C(P(C5=CC(F)=C(F)C(F)=C5)C6=CC(F)=C(F)C(F)=C6)C=CC=C4OC)=CC(F)=C1F,L1.50,1,Cc1cc2occc(=O)c2cc1Cl,51,[Na+].c1ccc([B-](c2ccccc2)(c2ccccc2)c2ccccc2)cc1,3,99.5,40,13.781273146340617,1,2
372,386,FC(C1=CC(P(C2=CC(C(F)(F)F)=CC(C(F)(F)F)=C2)C3=C(C4=C5OCCOC5=CC=C4P(C6=CC(C(F)(F)F)=CC(C(F)(F)F)=C6)C7=CC(C(F)(F)F)=CC(C(F)(F)F)=C7)C8C(OCCO8)C=C3)=CC(C(F)(F)F)=C1)(F)F,L1.33,2,CN1C(=O)C=CC1=O,168,Cc1ccc(B(O)O)cc1,12,4.5,30,-7.699911823,0,9
373,399,FC(C1=CC(P(C2=CC(C(F)(F)F)=CC(C(F)(F)F)=C2)C3=C(C4=C5OCCOC5=CC=C4P(C6=CC(C(F)(F)F)=CC(C(F)(F)F)=C6)C7=CC(C(F)(F)F)=CC(C(F)(F)F)=C7)C8C(OCCO8)C=C3)=CC(C(F)(F)F)=C1)(F)F,L1.33,2,O=C1C=CCC1,6,OB(O)c1ccccc1,7,2.0,20,-9.485335519,0,2
374,297,CN(P1OC2=C(C3=C(O1)C=C(COCC4=CC(OP(N(C)C)O5)=C(C6=C5C=CC7=C6C=CC=C7)C8=C4C=CC=C8)C9=C3C=CC=C9)C%10=C(C=C2)C=CC=C%10)C,L1.90,2,O=C1C=CCCC1,0,OB(O)c1ccccc1,7,1.5,50,-11.24261252,0,3
375,188,C12=CC=CC=C1C=CC(P(C3=CC=CC=C3)C4=CC=CC=C4)=C2C5=C(C=CC=C6)C6=CC=C5P(C7=CC=CC=C7)C8=CC=CC=C8,L1.18,1,CCC/C=C/C(=O)OC(C)C,113,OB(O)c1ccccc1,7,97.0,100,10.784141163895436,1,2
376,186,C12=CC=CC=C1C=CC(P(C3=CC=CC=C3)C4=CC=CC=C4)=C2C5=C(C=CC=C6)C6=CC=C5P(C7=CC=CC=C7)C8=CC=CC=C8,L1.18,1,CCC/C=C/C(=O)OC,111,OB(O)c1ccccc1,7,93.0,100,8.024865092428724,1,8
377,343,C[C@H](P(C1=CC=CC=C1)C2=CC=CC=C2)[C@H](C)P(C3=CC=CC=C3)C4=CC=CC=C4,L1.66,0,O=S(=O)(/C=C/c1ccc2ccccc2c1)c1ccccn1,248,COc1ccc(B(O)O)cc1,10,7.5,100,-7.794099338,0,4
378,128,C12=CC=CC=C1C=CC(P(C3=CC=CC=C3)C4=CC=CC=C4)=C2C5=C(C=CC=C6)C6=CC=C5P(C7=CC=CC=C7)C8=CC=CC=C8,L1.1,2,O=C1C=CCCN1Cc1ccccc1,177,Fc1ccc(B2OB(c3ccc(F)cc3)OB(c3ccc(F)cc3)O2)cc1,28,3.5,100,-10.28987591,0,9
379,462,[C@H]1(C2=CC(C3=CC=CC=C3)=CC(C4=CC=CC=C4)=C2)C(CP(C5=CC=CC=C5)C6=CC=CC=C6)([C@H]1C7=CC(C8=CC=CC=C8)=CC(C9=CC=CC=C9)=C7)CP(C%10=CC=CC=C%10)C%11=CC=CC=C%11,L1.104,0,O=C1C=CCCC1,0,COc1ccc(B(O)O)cc1,10,85.5,50,4.767138942868287,1,6
380,136,C12=CC=CC=C1C=CC(P(C3=CC=CC=C3)C4=CC=CC=C4)=C2C5=C(C=CC=C6)C6=CC=C5P(C7=CC=CC=C7)C8=CC=CC=C8,L1.18,1,O=[N+]([O-])C1=CCCCC1,208,OB(O)c1ccc(C(F)(F)F)cc1,9,99.5,100,16.42178532510618,1,9
381,434,FC1=CC(P(C2=CC(F)=C(F)C(F)=C2)C3=CC=CC(OC)=C3C4=C(P(C5=CC(F)=C(F)C(F)=C5)C6=CC(F)=C(F)C(F)=C6)C=CC=C4OC)=CC(F)=C1F,L1.42,2,CN1C(=O)C=CC1=O,168,OB(O)c1cccc(Cl)c1,8,4.0,0,-7.217262047,0,8
382,283,CC1=C(OC)C(C)=CC(P(C2=CC(C)=C(OC)C(C)=C2)C3=CC=C4C(C=CC=C4)=C3C5=C(P(C6=CC=CC=C6)C7=CC=CC=C7)C=CC8=CC=CC=C85)=C1,L1.2,2,Cc1ccc2oc(=O)ccc2c1,147,OB(O)c1ccccc1,7,2.0,60,-10.77959928,0,3
383,22,C12=CC=C3C(C(C4=C(C=C(OCCOCCO2)C=C5)C5=CC=C4P(C6=CC=CC=C6)C7=CC=CC=C7)=C(P(C8=CC=CC=C8)C9=CC=CC=C9)C=C3)=C1,L1.12,2,O=C1C=CCCC1,0,Cc1ccc(B(O)O)cc1,12,3.0,100,-10.78414116,0,2
384,35,C12=CC=CC=C1C=CC(P(C3=CC=CC=C3)C4=CC=CC=C4)=C2C5=C(C=CC=C6)C6=CC=C5P(C7=CC=CC=C7)C8=CC=CC=C8,L1.18,1,COc1ccc2c(c1)C(=O)C=CC21OCCO1,84,C=C(C)[B-](F)(F)F.[K+],90,98.0,110,12.397428975196114,1,1
385,168,C12=CC=CC=C1C=CC(P(C3=CC=CC=C3)C4=CC=CC=C4)=C2C5=C(C=CC=C6)C6=CC=C5P(C7=CC=CC=C7)C8=CC=CC=C8,L1.18,1,CC(=O)/C=C/CC(C)(C(C)=O)C(C)=O,277,OB(O)c1ccccc1,7,93.5,95,8.160577861606914,1,4
386,482,[C@H]1(P(C2=CC=CC=C2)C3=CC=CC=C3)C[C@H]4[C@@H](P(C5=CC=CC=C5)C6=CC=CC=C6)C[C@@H]1C4,L1.67,0,O=C1C=CCC1,6,OB(O)c1ccccc1,7,8.5,50,-6.384258729,0,4
387,92,C12=CC=CC=C1C=CC(P(C3=CC=CC=C3)C4=CC=CC=C4)=C2C5=C(C=CC=C6)C6=CC=C5P(C7=CC=CC=C7)C8=CC=CC=C8,L1.18,1,O=C1C=CCCO1,110,COc1cccc(B(O)O)c1,18,99.0,100,14.25575783385418,1,1
