,LVR1,LVR2,LVR3,LVR4,LVR5,LVR6,LVR7,VB,ER1,ER2,ER3,ER4,ER5,ER6,ER7,SStoutR1,SStoutR2,SStoutR3,SStoutR4,%top,fold,index
0,94.18429025,0.0,0.0,94.18429025,0.0,0.0,20.25598522,348.0319373,-0.09,0.0,0.0,-0.09,0.0,0.0,0.0,22.51198396,21.5742147,0.0,0.0,6.0,2,0
1,94.18429025,0.0,0.0,94.18429025,0.0,0.0,20.25598522,134.6239983,-0.09,0.0,0.0,-0.09,0.0,0.0,0.0,22.51198396,19.43509996,0.0,0.0,2.333333333,6,1
2,53.5297262,0.0,0.0,0.0,21.5742147,0.0,76.07416785,134.6239983,-0.14,0.0,0.0,0.0,-0.17,0.0,-0.27,22.51198396,19.43509996,0.0,0.0,79.0,9,2
3,36.23374097,0.0,0.0,73.46217037,21.5742147,0.0,76.07416785,134.6239983,0.07,0.0,0.0,-0.12,-0.17,0.0,-0.27,22.51198396,19.43509996,0.0,0.0,97.5,8,3
4,56.16618515,0.0,0.0,76.88830503,21.5742147,0.0,76.07416785,134.6239983,-0.13,0.0,0.0,-0.01,-0.17,0.0,-0.27,22.51198396,19.43509996,0.0,0.0,91.0,8,4
7,94.18429025,0.0,0.0,76.88830503,21.5742147,0.0,76.07416785,134.6239983,-0.09,0.0,0.0,-0.01,-0.17,0.0,-0.27,22.51198396,19.43509996,0.0,0.0,94.0,9,7
9,94.18429025,0.0,0.0,94.18429025,0.0,0.0,20.25598522,134.6239983,-0.09,0.0,0.0,-0.09,0.0,0.0,0.0,22.51198396,0.0,28.08309257,0.0,2.25,0,9
10,94.18429025,0.0,0.0,94.18429025,0.0,0.0,20.25598522,134.6239983,-0.09,0.0,0.0,-0.09,0.0,0.0,0.0,22.51198396,18.72206172,0.0,0.0,4.75,6,10
11,94.18429025,0.0,0.0,94.18429025,0.0,0.0,20.25598522,134.6239983,-0.09,0.0,0.0,-0.09,0.0,0.0,0.0,22.51198396,0.0,18.15163112,0.0,2.5,8,11
12,94.18429025,0.0,0.0,94.18429025,0.0,0.0,20.25598522,134.6239983,-0.09,0.0,0.0,-0.09,0.0,0.0,0.0,26.42553764,0.0,26.42553764,0.0,5.0,7,12
13,94.18429025,0.0,0.0,94.18429025,0.0,0.0,20.25598522,134.6239983,-0.09,0.0,0.0,-0.09,0.0,0.0,0.0,18.25910483,38.87019992,0.0,0.0,5.5,7,13
14,94.18429025,0.0,0.0,94.18429025,0.0,0.0,20.25598522,348.0319373,-0.09,0.0,0.0,-0.09,0.0,0.0,0.0,22.10154133,0.0,18.72206172,0.0,5.0,9,14
15,94.18429025,0.0,0.0,94.18429025,0.0,0.0,20.25598522,134.6239983,-0.09,0.0,0.0,-0.09,0.0,0.0,0.0,18.67357617,13.86399135,0.0,0.0,15.0,0,15
17,76.88830503,21.5742147,0.0,76.88830503,0.0,0.0,54.84795567,134.6239983,-0.01,-0.17,0.0,-0.01,0.0,0.0,-0.17,22.51198396,0.0,28.08309257,0.0,3.5,1,17
18,76.88830503,21.5742147,0.0,76.88830503,0.0,0.0,54.84795567,134.6239983,-0.01,-0.17,0.0,-0.01,0.0,0.0,-0.17,17.93806496,0.0,17.93806496,0.0,33.0,8,18
21,76.88830503,21.5742147,0.0,76.88830503,0.0,0.0,54.84795567,151.9199836,-0.01,-0.17,0.0,-0.01,0.0,0.0,-0.17,26.42553764,0.0,26.42553764,0.0,1.833333333,9,21
23,76.88830503,21.5742147,0.0,76.88830503,0.0,0.0,54.84795567,160.7102105,-0.01,-0.17,0.0,-0.01,0.0,0.0,-0.17,26.42553764,0.0,26.42553764,0.0,2.166666667,5,23
24,76.88830503,21.5742147,0.0,76.88830503,0.0,0.0,54.84795567,160.5647539,-0.01,-0.17,0.0,-0.01,0.0,0.0,-0.17,26.42553764,0.0,26.42553764,0.0,1.75,7,24
25,76.88830503,21.5742147,0.0,76.88830503,0.0,0.0,54.84795567,149.8350664,-0.01,-0.17,0.0,-0.01,0.0,0.0,-0.17,26.42553764,0.0,26.42553764,0.0,1.25,7,25
26,76.88830503,21.5742147,0.0,76.88830503,0.0,0.0,54.84795567,203.8079392,-0.01,-0.17,0.0,-0.01,0.0,0.0,-0.17,26.42553764,0.0,26.42553764,0.0,2.0,8,26
27,76.88830503,21.5742147,0.0,76.88830503,0.0,0.0,54.84795567,207.2340739,-0.01,-0.17,0.0,-0.01,0.0,0.0,-0.17,26.42553764,0.0,26.42553764,0.0,1.0,0,27
28,76.88830503,21.5742147,0.0,76.88830503,0.0,0.0,54.84795567,175.3697368,-0.01,-0.17,0.0,-0.01,0.0,0.0,-0.17,26.42553764,0.0,26.42553764,0.0,1.0,6,28
29,76.88830503,21.5742147,0.0,76.88830503,0.0,0.0,54.84795567,140.6915573,-0.01,-0.17,0.0,-0.01,0.0,0.0,-0.17,26.42553764,0.0,26.42553764,0.0,0.5,1,29
30,76.88830503,21.5742147,0.0,76.88830503,0.0,0.0,54.84795567,146.7591162,-0.01,-0.17,0.0,-0.01,0.0,0.0,-0.17,26.42553764,0.0,26.42553764,0.0,1.5,6,30
31,76.88830503,21.5742147,0.0,76.88830503,0.0,0.0,54.84795567,175.2785624,-0.01,-0.17,0.0,-0.01,0.0,0.0,-0.17,26.42553764,0.0,26.42553764,0.0,1.75,0,31
32,76.88830503,21.5742147,0.0,76.88830503,0.0,0.0,54.84795567,134.6239983,-0.01,-0.17,0.0,-0.01,0.0,0.0,-0.17,26.42553764,26.42553764,0.0,0.0,1.0,7,32
33,76.88830503,21.5742147,0.0,76.88830503,0.0,0.0,54.84795567,134.6239983,-0.01,-0.17,0.0,-0.01,0.0,0.0,-0.17,26.42553764,0.0,23.95337594,0.0,2.5,9,33
34,76.88830503,21.5742147,0.0,76.88830503,0.0,0.0,54.84795567,134.6239983,-0.01,-0.17,0.0,-0.01,0.0,0.0,-0.17,15.10949251,0.0,18.83685805,0.0,25.0,5,34
35,94.18429025,21.5742147,0.0,94.18429025,0.0,0.0,54.84795567,134.6239983,-0.03,-0.17,0.0,-0.03,0.0,0.0,-0.17,22.51198396,0.0,28.08309257,0.0,11.5,5,35
36,94.18429025,21.5742147,0.0,94.18429025,0.0,0.0,54.84795567,134.6239983,-0.03,-0.17,0.0,-0.03,0.0,0.0,-0.17,15.10949251,0.0,18.83685805,0.0,23.0,5,36
37,146.0722459,21.5742147,0.0,146.0722459,0.0,0.0,54.84795567,134.6239983,-0.03,-0.17,0.0,-0.03,0.0,0.0,-0.17,22.51198396,0.0,28.08309257,0.0,11.0,0,37
38,149.4983806,21.5742147,0.0,149.4983806,0.0,0.0,54.84795567,134.6239983,0.0,-0.17,0.0,0.0,0.0,0.0,-0.17,22.51198396,0.0,28.08309257,0.0,8.5,1,38
39,149.4983806,21.5742147,0.0,149.4983806,0.0,0.0,54.84795567,134.6239983,0.0,-0.17,0.0,0.0,0.0,0.0,-0.17,15.10949251,0.0,18.83685805,0.0,22.5,5,39
40,102.8290606,21.5742147,0.0,102.8290606,0.0,0.0,54.84795567,151.9199836,0.26,-0.17,0.0,0.26,0.0,0.0,-0.17,22.51198396,19.43509996,0.0,0.0,3.166666667,9,40
42,102.8290606,21.5742147,0.0,102.8290606,0.0,0.0,54.84795567,160.7102105,0.26,-0.17,0.0,0.26,0.0,0.0,-0.17,22.51198396,19.43509996,0.0,0.0,4.0,6,42
43,36.23374097,0.0,0.0,73.46217037,21.5742147,0.0,76.07416785,140.6915573,0.07,0.0,0.0,-0.12,-0.17,0.0,-0.27,22.51198396,19.43509996,0.0,0.0,98.5,7,43
44,64.9564121,0.0,0.0,21.5742147,0.0,0.0,84.57992612,149.8350664,0.0,0.0,0.0,-0.17,0.0,0.0,-0.15,22.51198396,19.43509996,0.0,0.0,2.0,7,44
45,0.0,0.0,0.0,0.0,21.5742147,111.4802755,76.07416785,160.5647539,0.0,0.0,0.0,0.0,-0.17,0.0,-0.27,22.51198396,19.43509996,0.0,0.0,97.5,0,45
46,76.88830503,0.0,0.0,76.88830503,0.0,0.0,32.69197045,134.6239983,-0.01,0.0,0.0,-0.01,0.0,0.0,0.0,22.51198396,19.43509996,0.0,0.0,1.75,1,46
47,94.18429025,0.0,0.0,94.18429025,0.0,0.0,32.69197045,134.6239983,-0.03,0.0,0.0,-0.03,0.0,0.0,0.0,22.51198396,19.43509996,0.0,0.0,8.5,9,47
49,102.9745172,0.0,0.0,102.9745172,0.0,0.0,32.69197045,134.6239983,-0.08,0.0,0.0,-0.08,0.0,0.0,0.0,22.51198396,19.43509996,0.0,0.0,2.5,7,49
50,111.4802755,0.0,0.0,111.4802755,0.0,0.0,32.69197045,134.6239983,-0.09,0.0,0.0,-0.09,0.0,0.0,0.0,22.51198396,19.43509996,0.0,0.0,9.5,9,50
52,0.0,0.0,73.46217037,0.0,0.0,73.46217037,20.25598522,134.6239983,0.0,0.0,-0.12,0.0,0.0,-0.12,0.0,22.51198396,19.43509996,0.0,0.0,97.5,0,52
53,0.0,0.0,95.69768187,0.0,0.0,95.69768187,20.25598522,134.6239983,0.0,0.0,-0.15,0.0,0.0,-0.15,0.0,22.51198396,19.43509996,0.0,0.0,97.5,0,53
54,0.0,0.0,94.18429025,0.0,0.0,94.18429025,20.25598522,134.6239983,0.0,0.0,-0.09,0.0,0.0,-0.09,0.0,22.51198396,19.43509996,0.0,0.0,98.0,0,54
55,30.36444165,0.0,0.0,21.5742147,0.0,0.0,84.57992612,134.6239983,0.0,0.0,0.0,-0.17,0.0,0.0,-0.15,22.51198396,19.43509996,0.0,0.0,2.5,8,55
57,47.66042687,0.0,0.0,21.5742147,0.0,0.0,84.57992612,134.6239983,0.01,0.0,0.0,-0.17,0.0,0.0,-0.15,22.51198396,19.43509996,0.0,0.0,3.0,7,57
62,102.8290606,21.5742147,0.0,102.8290606,0.0,0.0,54.84795567,160.7102105,0.26,-0.17,0.0,0.26,0.0,0.0,-0.17,22.51198396,0.0,28.08309257,0.0,3.5,6,62
63,102.8290606,21.5742147,0.0,102.8290606,0.0,0.0,54.84795567,134.6239983,0.26,-0.17,0.0,0.26,0.0,0.0,-0.17,22.51198396,18.72206172,0.0,0.0,2.5,6,63
65,102.8290606,21.5742147,0.0,102.8290606,0.0,0.0,54.84795567,134.6239983,0.26,-0.17,0.0,0.26,0.0,0.0,-0.17,18.25910483,38.87019992,0.0,0.0,2.0,2,65
66,102.8290606,21.5742147,0.0,102.8290606,0.0,0.0,54.84795567,151.9199836,0.26,-0.17,0.0,0.26,0.0,0.0,-0.17,18.25910483,38.87019992,0.0,0.0,5.75,6,66
67,102.8290606,21.5742147,0.0,102.8290606,0.0,0.0,54.84795567,134.6239983,0.26,-0.17,0.0,0.26,0.0,0.0,-0.17,15.10949251,0.0,18.83685805,0.0,28.0,1,67
68,82.95586398,21.5742147,0.0,82.95586398,0.0,0.0,54.84795567,134.6239983,-0.2,-0.17,0.0,-0.2,0.0,0.0,-0.17,22.51198396,0.0,28.08309257,0.0,4.5,2,68
70,117.5428691,21.5742147,0.0,117.5428691,0.0,0.0,54.84795567,134.6239983,0.14,-0.17,0.0,0.14,0.0,0.0,-0.17,22.51198396,0.0,28.08309257,0.0,3.625,1,70
71,117.5428691,21.5742147,0.0,117.5428691,0.0,0.0,54.84795567,151.9199836,0.14,-0.17,0.0,0.14,0.0,0.0,-0.17,22.51198396,0.0,28.08309257,0.0,1.0,6,71
72,117.5428691,21.5742147,0.0,117.5428691,0.0,0.0,54.84795567,160.7102105,0.14,-0.17,0.0,0.14,0.0,0.0,-0.17,22.51198396,0.0,28.08309257,0.0,3.25,9,72
73,117.5428691,21.5742147,0.0,117.5428691,0.0,0.0,54.84795567,207.2340739,0.14,-0.17,0.0,0.14,0.0,0.0,-0.17,22.51198396,0.0,28.08309257,0.0,1.5,5,73
74,117.5428691,21.5742147,0.0,117.5428691,0.0,0.0,54.84795567,170.1226604,0.14,-0.17,0.0,0.14,0.0,0.0,-0.17,22.51198396,0.0,28.08309257,0.0,2.0,8,74
75,117.5428691,21.5742147,0.0,117.5428691,0.0,0.0,54.84795567,175.2785624,0.14,-0.17,0.0,0.14,0.0,0.0,-0.17,22.51198396,0.0,28.08309257,0.0,2.5,9,75
76,117.5428691,21.5742147,0.0,117.5428691,0.0,0.0,54.84795567,134.6239983,0.14,-0.17,0.0,0.14,0.0,0.0,-0.17,22.51198396,0.0,26.13389888,0.0,5.0,1,76
77,117.5428691,21.5742147,0.0,117.5428691,0.0,0.0,54.84795567,151.9199836,0.14,-0.17,0.0,0.14,0.0,0.0,-0.17,22.51198396,0.0,26.13389888,0.0,1.4,0,77
78,117.5428691,21.5742147,0.0,117.5428691,0.0,0.0,54.84795567,149.8350664,0.14,-0.17,0.0,0.14,0.0,0.0,-0.17,22.51198396,0.0,26.13389888,0.0,2.75,9,78
79,117.5428691,21.5742147,0.0,117.5428691,0.0,0.0,54.84795567,170.1226604,0.14,-0.17,0.0,0.14,0.0,0.0,-0.17,22.51198396,0.0,26.13389888,0.0,0.3,1,79
80,117.5428691,21.5742147,0.0,117.5428691,0.0,0.0,54.84795567,134.6239983,0.14,-0.17,0.0,0.14,0.0,0.0,-0.17,22.51198396,0.0,17.16241953,0.0,11.0,7,80
81,117.5428691,21.5742147,0.0,117.5428691,0.0,0.0,54.84795567,134.6239983,0.14,-0.17,0.0,0.14,0.0,0.0,-0.17,22.51198396,0.0,16.5911728,0.0,3.0,8,81
82,117.5428691,21.5742147,0.0,117.5428691,0.0,0.0,54.84795567,134.6239983,0.14,-0.17,0.0,0.14,0.0,0.0,-0.17,26.42553764,0.0,21.5742147,0.0,1.0,6,82
84,117.5428691,21.5742147,0.0,117.5428691,0.0,0.0,54.84795567,134.6239983,0.14,-0.17,0.0,0.14,0.0,0.0,-0.17,26.42553764,0.0,21.46208822,0.0,2.0,6,84
85,117.5428691,21.5742147,0.0,117.5428691,0.0,0.0,54.84795567,134.6239983,0.14,-0.17,0.0,0.14,0.0,0.0,-0.17,15.10949251,0.0,18.83685805,0.0,8.125,9,85
86,0.0,0.0,0.0,0.0,21.5742147,76.88830503,76.07416785,134.6239983,0.0,0.0,0.0,0.0,-0.17,-0.01,-0.27,22.51198396,19.43509996,0.0,0.0,95.0,8,86
87,94.18429025,0.0,0.0,94.18429025,0.0,0.0,32.69197045,134.6239983,-0.03,0.0,0.0,-0.03,0.0,0.0,0.0,22.51198396,0.0,28.08309257,0.0,11.0,2,87
88,0.0,0.0,0.0,0.0,21.5742147,94.18429025,76.07416785,134.6239983,0.0,0.0,0.0,0.0,-0.17,-0.01,-0.27,22.51198396,19.43509996,0.0,0.0,98.0,6,88
89,112.3869671,0.0,0.0,112.3869671,0.0,0.0,32.69197045,134.6239983,-0.09,0.0,0.0,-0.09,0.0,0.0,0.0,22.51198396,0.0,28.08309257,0.0,4.0,6,89
90,0.0,0.0,0.0,0.0,21.5742147,100.3380583,76.07416785,134.6239983,0.0,0.0,0.0,0.0,-0.17,0.0,-0.27,22.51198396,19.43509996,0.0,0.0,96.5,7,90
91,109.3953583,21.5742147,0.0,109.3953583,0.0,0.0,54.84795567,134.6239983,0.12,-0.17,0.0,0.12,0.0,0.0,-0.17,22.51198396,0.0,28.08309257,0.0,6.0,9,91
93,0.0,0.0,0.0,0.0,21.5742147,94.18429025,76.07416785,134.6239983,0.0,0.0,0.0,0.0,-0.17,-0.03,-0.27,22.51198396,19.43509996,0.0,0.0,97.6,8,93
94,102.9745172,0.0,0.0,102.9745172,0.0,0.0,32.69197045,134.6239983,-0.08,0.0,0.0,-0.08,0.0,0.0,0.0,22.51198396,0.0,28.08309257,0.0,11.0,2,94
95,0.0,0.0,0.0,0.0,21.5742147,146.0722459,76.07416785,134.6239983,0.0,0.0,0.0,0.0,-0.17,0.0,-0.27,22.51198396,19.43509996,0.0,0.0,95.5,8,95
96,111.4802755,0.0,0.0,111.4802755,0.0,0.0,32.69197045,134.6239983,-0.09,0.0,0.0,-0.09,0.0,0.0,0.0,22.51198396,0.0,28.08309257,0.0,7.5,9,96
97,76.88830503,27.64177365,0.0,76.88830503,27.64177365,0.0,32.69197045,134.6239983,-0.01,0.15,0.0,-0.01,0.15,0.0,0.0,22.51198396,0.0,18.15163112,0.0,19.5,2,97
98,0.0,0.0,0.0,0.0,21.5742147,112.3869671,76.07416785,134.6239983,0.0,0.0,0.0,0.0,-0.17,0.0,-0.27,22.51198396,19.43509996,0.0,0.0,92.5,7,98
99,0.0,0.0,0.0,0.0,21.5742147,102.9745172,76.07416785,134.6239983,0.0,0.0,0.0,0.0,-0.17,-0.08,-0.27,22.51198396,19.43509996,0.0,0.0,95.5,7,99
100,168.7323234,0.0,0.0,0.0,0.0,0.0,32.69197045,134.6239983,0.0,0.0,0.0,0.0,0.0,0.0,0.0,22.51198396,21.5742147,0.0,0.0,5.5,1,100
101,0.0,0.0,0.0,0.0,21.5742147,112.3869671,76.07416785,134.6239983,0.0,0.0,0.0,0.0,-0.17,0.0,-0.27,22.51198396,19.43509996,0.0,0.0,94.5,9,101
104,168.7323234,0.0,0.0,0.0,0.0,0.0,32.69197045,134.6239983,0.0,0.0,0.0,0.0,0.0,0.0,0.0,22.51198396,0.0,18.15163112,0.0,5.0,2,104
105,146.0722459,0.0,0.0,146.0722459,0.0,0.0,20.25598522,134.6239983,-0.09,0.0,0.0,-0.09,0.0,0.0,0.0,26.42553764,0.0,26.42553764,0.0,5.0,0,105
106,146.0722459,0.0,0.0,146.0722459,0.0,0.0,20.25598522,151.9199836,-0.09,0.0,0.0,-0.09,0.0,0.0,0.0,26.42553764,0.0,26.42553764,0.0,4.5,7,106
107,146.0722459,0.0,0.0,146.0722459,0.0,0.0,20.25598522,160.7102105,-0.09,0.0,0.0,-0.09,0.0,0.0,0.0,26.42553764,0.0,26.42553764,0.0,7.0,0,107
108,146.0722459,0.0,0.0,146.0722459,0.0,0.0,20.25598522,140.6915573,-0.09,0.0,0.0,-0.09,0.0,0.0,0.0,26.42553764,0.0,26.42553764,0.0,5.0,0,108
109,146.0722459,0.0,0.0,146.0722459,0.0,0.0,20.25598522,175.2785624,-0.09,0.0,0.0,-0.09,0.0,0.0,0.0,26.42553764,0.0,26.42553764,0.0,6.5,7,109
110,146.0722459,0.0,0.0,146.0722459,0.0,0.0,20.25598522,134.6239983,-0.09,0.0,0.0,-0.09,0.0,0.0,0.0,18.67357617,13.86399135,0.0,0.0,92.5,1,110
111,146.0722459,0.0,0.0,146.0722459,0.0,0.0,20.25598522,134.6239983,-0.09,0.0,0.0,-0.09,0.0,0.0,0.0,21.69069928,13.86399135,0.0,0.0,93.5,0,111
112,146.0722459,0.0,0.0,146.0722459,0.0,0.0,20.25598522,151.9199836,-0.09,0.0,0.0,-0.09,0.0,0.0,0.0,21.69069928,13.86399135,0.0,0.0,96.0,0,112
113,146.0722459,0.0,0.0,146.0722459,0.0,0.0,20.25598522,149.8350664,-0.09,0.0,0.0,-0.09,0.0,0.0,0.0,21.69069928,13.86399135,0.0,0.0,91.0,9,113
114,146.0722459,0.0,0.0,146.0722459,0.0,0.0,20.25598522,160.7102105,-0.09,0.0,0.0,-0.09,0.0,0.0,0.0,21.69069928,13.86399135,0.0,0.0,92.0,7,114
116,146.0722459,0.0,0.0,146.0722459,0.0,0.0,20.25598522,175.2785624,-0.09,0.0,0.0,-0.09,0.0,0.0,0.0,21.69069928,13.86399135,0.0,0.0,92.0,9,116
117,76.88830503,0.0,0.0,76.88830503,0.0,0.0,32.69197045,134.6239983,-0.01,0.0,0.0,-0.01,0.0,0.0,0.0,22.51198396,0.0,29.3978241,0.0,1.5,9,117
118,76.88830503,0.0,0.0,76.88830503,0.0,0.0,32.69197045,134.6239983,-0.01,0.0,0.0,-0.01,0.0,0.0,0.0,22.51198396,21.5742147,0.0,0.0,0.5,6,118
119,76.88830503,0.0,0.0,76.88830503,0.0,0.0,32.69197045,151.9199836,-0.01,0.0,0.0,-0.01,0.0,0.0,0.0,22.51198396,21.5742147,0.0,0.0,2.0,2,119
120,0.0,0.0,0.0,0.0,21.5742147,117.5428691,76.07416785,134.6239983,0.0,0.0,0.0,0.0,-0.17,0.14,-0.27,22.51198396,19.43509996,0.0,0.0,95.0,5,120
121,0.0,0.0,0.0,0.0,21.5742147,117.5428691,76.07416785,134.6239983,0.0,0.0,0.0,0.0,-0.17,0.13,-0.27,22.51198396,19.43509996,0.0,0.0,95.5,9,121
122,0.0,0.0,0.0,0.0,21.5742147,94.18429025,76.07416785,134.6239983,0.0,0.0,0.0,0.0,-0.17,-0.09,-0.27,22.51198396,19.43509996,0.0,0.0,69.5,2,122
123,76.88830503,0.0,0.0,76.88830503,0.0,0.0,32.69197045,134.6239983,-0.01,0.0,0.0,-0.01,0.0,0.0,0.0,22.51198396,26.22872177,0.0,0.0,1.0,1,123
125,76.88830503,0.0,0.0,76.88830503,0.0,0.0,32.69197045,140.6915573,-0.01,0.0,0.0,-0.01,0.0,0.0,0.0,22.51198396,26.22872177,0.0,0.0,1.5,7,125
132,76.88830503,0.0,0.0,76.88830503,0.0,0.0,32.69197045,134.6239983,-0.01,0.0,0.0,-0.01,0.0,0.0,0.0,20.06761165,26.22872177,0.0,0.0,1.0,0,132
134,76.88830503,0.0,0.0,76.88830503,0.0,0.0,32.69197045,149.8350664,-0.01,0.0,0.0,-0.01,0.0,0.0,0.0,20.06761165,26.22872177,0.0,0.0,0.5,9,134
135,76.88830503,0.0,0.0,76.88830503,0.0,0.0,32.69197045,160.7102105,-0.01,0.0,0.0,-0.01,0.0,0.0,0.0,20.06761165,26.22872177,0.0,0.0,0.5,5,135
137,76.88830503,0.0,0.0,76.88830503,0.0,0.0,32.69197045,157.1439785,-0.01,0.0,0.0,-0.01,0.0,0.0,0.0,20.06761165,26.22872177,0.0,0.0,2.0,9,137
138,76.88830503,0.0,0.0,76.88830503,0.0,0.0,32.69197045,186.7964227,-0.01,0.0,0.0,-0.01,0.0,0.0,0.0,20.06761165,26.22872177,0.0,0.0,1.25,0,138
139,76.88830503,0.0,0.0,76.88830503,0.0,0.0,32.69197045,175.2785624,-0.01,0.0,0.0,-0.01,0.0,0.0,0.0,20.06761165,26.22872177,0.0,0.0,1.0,0,139
140,76.88830503,0.0,0.0,76.88830503,0.0,0.0,32.69197045,186.7964227,-0.01,0.0,0.0,-0.01,0.0,0.0,0.0,17.55114835,26.22872177,0.0,0.0,1.0,5,140
141,76.88830503,0.0,0.0,76.88830503,0.0,0.0,32.69197045,121.1775113,-0.01,0.0,0.0,-0.01,0.0,0.0,0.0,20.06761165,26.22872177,0.0,0.0,1.0,9,141
142,76.88830503,0.0,0.0,76.88830503,0.0,0.0,32.69197045,134.6239983,-0.01,0.0,0.0,-0.01,0.0,0.0,0.0,18.25910483,38.87019992,0.0,0.0,2.5,6,142
144,76.88830503,0.0,0.0,76.88830503,0.0,0.0,32.69197045,151.9199836,-0.01,0.0,0.0,-0.01,0.0,0.0,0.0,17.93806496,0.0,19.22207626,13.6490287,1.5,7,144
145,76.88830503,0.0,0.0,76.88830503,0.0,0.0,32.69197045,153.9076176,-0.01,0.0,0.0,-0.01,0.0,0.0,0.0,17.93806496,0.0,19.22207626,13.6490287,2.0,7,145
146,76.88830503,0.0,0.0,76.88830503,0.0,0.0,32.69197045,134.6239983,-0.01,0.0,0.0,-0.01,0.0,0.0,0.0,17.93806496,0.0,25.7436293,13.6490287,0.5,8,146
148,76.88830503,0.0,0.0,76.88830503,0.0,0.0,32.69197045,134.6239983,-0.01,0.0,0.0,-0.01,0.0,0.0,0.0,17.93806496,0.0,17.16241953,13.6490287,6.25,2,148
149,76.88830503,0.0,0.0,76.88830503,0.0,0.0,32.69197045,151.9199836,-0.01,0.0,0.0,-0.01,0.0,0.0,0.0,17.93806496,0.0,17.16241953,13.6490287,1.75,0,149
150,76.88830503,0.0,0.0,76.88830503,0.0,0.0,32.69197045,153.9076176,-0.01,0.0,0.0,-0.01,0.0,0.0,0.0,17.93806496,0.0,17.16241953,13.6490287,1.0,7,150
151,76.88830503,0.0,0.0,76.88830503,0.0,0.0,32.69197045,153.9076176,-0.01,0.0,0.0,-0.01,0.0,0.0,0.0,17.93806496,0.0,18.41987461,13.6490287,2.0,0,151
152,76.88830503,0.0,0.0,76.88830503,0.0,0.0,32.69197045,134.6239983,-0.01,0.0,0.0,-0.01,0.0,0.0,0.0,18.25910483,23.54607256,0.0,0.0,1.0,1,152
154,76.88830503,0.0,0.0,76.88830503,0.0,0.0,32.69197045,134.6239983,-0.01,0.0,0.0,-0.01,0.0,0.0,0.0,17.93806496,0.0,24.39278577,0.0,1.0,2,154
155,76.88830503,0.0,0.0,76.88830503,0.0,0.0,32.69197045,134.6239983,-0.01,0.0,0.0,-0.01,0.0,0.0,0.0,17.93806496,0.0,24.11007225,13.6490287,1.0,5,155
156,76.88830503,0.0,0.0,76.88830503,0.0,0.0,32.69197045,134.6239983,-0.01,0.0,0.0,-0.01,0.0,0.0,0.0,17.93806496,0.0,19.59047818,13.6490287,1.0,2,156
157,76.88830503,0.0,0.0,76.88830503,0.0,0.0,32.69197045,134.6239983,-0.01,0.0,0.0,-0.01,0.0,0.0,0.0,20.52673517,0.0,21.5742147,0.0,15.0,7,157
158,76.88830503,0.0,0.0,76.88830503,0.0,0.0,32.69197045,134.6239983,-0.01,0.0,0.0,-0.01,0.0,0.0,0.0,30.08645996,13.86399135,0.0,0.0,0.5,5,158
159,76.88830503,0.0,0.0,76.88830503,0.0,0.0,32.69197045,151.9199836,-0.01,0.0,0.0,-0.01,0.0,0.0,0.0,30.08645996,13.86399135,0.0,0.0,1.0,1,159
160,76.88830503,0.0,0.0,76.88830503,0.0,0.0,32.69197045,149.8350664,-0.01,0.0,0.0,-0.01,0.0,0.0,0.0,30.08645996,13.86399135,0.0,0.0,2.0,5,160
162,76.88830503,0.0,0.0,76.88830503,0.0,0.0,32.69197045,140.6915573,-0.01,0.0,0.0,-0.01,0.0,0.0,0.0,30.08645996,13.86399135,0.0,0.0,0.5,9,162
164,76.88830503,0.0,0.0,76.88830503,0.0,0.0,32.69197045,175.2785624,-0.01,0.0,0.0,-0.01,0.0,0.0,0.0,30.08645996,13.86399135,0.0,0.0,1.5,9,164
165,76.88830503,0.0,0.0,76.88830503,0.0,0.0,32.69197045,134.6239983,-0.01,0.0,0.0,-0.01,0.0,0.0,0.0,25.82562149,13.86399135,0.0,0.0,0.5,8,165
166,76.88830503,0.0,0.0,76.88830503,0.0,0.0,32.69197045,134.6239983,-0.01,0.0,0.0,-0.01,0.0,0.0,0.0,28.54319701,13.86399135,0.0,0.0,0.5,1,166
167,76.88830503,0.0,0.0,76.88830503,0.0,0.0,32.69197045,134.6239983,-0.01,0.0,0.0,-0.01,0.0,0.0,0.0,18.37582915,13.86399135,0.0,0.0,15.5,2,167
168,76.88830503,0.0,0.0,76.88830503,0.0,0.0,32.69197045,134.6239983,-0.01,0.0,0.0,-0.01,0.0,0.0,0.0,13.6490287,0.0,17.16241953,0.0,24.0,6,168
169,126.4242704,0.0,0.0,126.4242704,0.0,0.0,32.69197045,134.6239983,0.04,0.0,0.0,0.0,0.0,0.0,0.0,22.51198396,0.0,18.15163112,0.0,4.0,1,169
170,155.1469416,0.0,0.0,155.1469416,0.0,0.0,32.69197045,134.6239983,0.0,0.0,0.0,0.0,0.0,0.0,0.0,22.51198396,0.0,18.15163112,0.0,8.5,5,170
171,94.18429025,0.0,0.0,94.18429025,0.0,0.0,32.69197045,134.6239983,-0.09,0.0,0.0,-0.09,0.0,0.0,0.0,22.51198396,0.0,47.85432862,0.0,0.5,9,171
173,94.18429025,0.0,0.0,94.18429025,0.0,0.0,32.69197045,151.9199836,-0.09,0.0,0.0,-0.09,0.0,0.0,0.0,22.51198396,0.0,29.3978241,0.0,3.5,1,173
174,94.18429025,0.0,0.0,94.18429025,0.0,0.0,32.69197045,149.8350664,-0.09,0.0,0.0,-0.09,0.0,0.0,0.0,22.51198396,0.0,29.3978241,0.0,2.5,8,174
175,94.18429025,0.0,0.0,94.18429025,0.0,0.0,32.69197045,170.1226604,-0.09,0.0,0.0,-0.09,0.0,0.0,0.0,22.51198396,0.0,29.3978241,0.0,2.5,8,175
176,94.18429025,0.0,0.0,94.18429025,0.0,0.0,32.69197045,160.7102105,-0.09,0.0,0.0,-0.09,0.0,0.0,0.0,22.51198396,0.0,29.3978241,0.0,2.0,5,176
180,94.18429025,0.0,0.0,94.18429025,0.0,0.0,32.69197045,134.6239983,-0.09,0.0,0.0,-0.09,0.0,0.0,0.0,22.51198396,21.5742147,0.0,0.0,7.0,5,180
182,94.18429025,0.0,0.0,94.18429025,0.0,0.0,32.69197045,134.6239983,-0.09,0.0,0.0,-0.09,0.0,0.0,0.0,20.06761165,26.22872177,0.0,0.0,6.5,1,182
183,94.18429025,0.0,0.0,94.18429025,0.0,0.0,32.69197045,134.6239983,-0.09,0.0,0.0,-0.09,0.0,0.0,0.0,17.77754503,0.0,29.3978241,0.0,2.5,1,183
184,94.18429025,0.0,0.0,94.18429025,0.0,0.0,32.69197045,134.6239983,-0.09,0.0,0.0,-0.09,0.0,0.0,0.0,18.25910483,38.87019992,0.0,0.0,17.5,2,184
185,94.18429025,0.0,0.0,94.18429025,0.0,0.0,32.69197045,134.6239983,-0.09,0.0,0.0,-0.09,0.0,0.0,0.0,30.08645996,13.86399135,0.0,0.0,4.0,9,185
187,0.0,0.0,94.18429025,0.0,0.0,94.18429025,32.69197045,151.9199836,0.0,0.0,-0.09,0.0,-0.09,-0.09,0.0,20.52673517,0.0,21.5742147,0.0,94.5,6,187
189,0.0,0.0,94.18429025,0.0,0.0,94.18429025,32.69197045,169.2159688,0.0,0.0,-0.09,0.0,-0.09,-0.09,0.0,20.52673517,0.0,21.5742147,0.0,96.0,7,189
190,0.0,0.0,94.18429025,0.0,0.0,94.18429025,32.69197045,175.2785624,0.0,0.0,-0.09,0.0,-0.09,-0.09,0.0,20.52673517,0.0,21.5742147,0.0,94.5,8,190
191,0.0,0.0,94.18429025,0.0,0.0,94.18429025,32.69197045,134.6239983,0.0,0.0,-0.09,0.0,-0.09,-0.09,0.0,19.84482684,0.0,21.5742147,0.0,92.5,1,191
192,0.0,0.0,94.18429025,0.0,0.0,94.18429025,32.69197045,134.6239983,0.0,0.0,-0.09,0.0,-0.09,-0.09,0.0,18.37582915,0.0,21.5742147,0.0,96.0,6,192
193,0.0,0.0,94.18429025,0.0,0.0,94.18429025,32.69197045,134.6239983,0.0,0.0,-0.09,0.0,-0.09,-0.09,0.0,20.52673517,0.0,18.72206172,0.0,93.5,6,193
195,0.0,0.0,94.18429025,0.0,0.0,94.18429025,32.69197045,134.6239983,0.0,0.0,-0.09,0.0,-0.09,-0.09,0.0,20.52673517,0.0,17.16241953,0.0,90.0,5,195
196,76.88830503,21.5742147,0.0,76.88830503,21.5742147,0.0,32.69197045,134.6239983,-0.01,-0.17,0.0,-0.01,-0.17,0.0,0.0,22.51198396,21.5742147,0.0,0.0,0.5,8,196
198,76.88830503,21.5742147,0.0,76.88830503,21.5742147,0.0,32.69197045,134.6239983,-0.01,-0.17,0.0,-0.01,-0.17,0.0,0.0,22.51198396,0.0,18.15163112,0.0,24.0,7,198
199,76.88830503,21.5742147,0.0,76.88830503,21.5742147,0.0,32.69197045,134.6239983,-0.01,-0.17,0.0,-0.01,-0.17,0.0,0.0,18.25910483,21.5742147,0.0,0.0,1.0,2,199
200,76.88830503,21.5742147,0.0,76.88830503,21.5742147,0.0,32.69197045,134.6239983,-0.01,-0.17,0.0,-0.01,-0.17,0.0,0.0,18.25910483,23.54607256,0.0,0.0,1.0,5,200
201,76.88830503,21.5742147,0.0,76.88830503,21.5742147,0.0,32.69197045,134.6239983,-0.01,-0.17,0.0,-0.01,-0.17,0.0,0.0,18.37582915,13.86399135,0.0,0.0,2.5,6,201
202,76.88830503,21.5742147,0.0,76.88830503,21.5742147,0.0,32.69197045,170.1226604,-0.01,-0.17,0.0,-0.01,-0.17,0.0,0.0,18.37582915,13.86399135,0.0,0.0,0.5,2,202
203,76.88830503,21.5742147,0.0,76.88830503,21.5742147,0.0,32.69197045,160.7102105,-0.01,-0.17,0.0,-0.01,-0.17,0.0,0.0,18.37582915,13.86399135,0.0,0.0,0.5,9,203
204,76.88830503,21.5742147,0.0,76.88830503,21.5742147,0.0,32.69197045,201.3647746,-0.01,-0.17,0.0,-0.01,-0.17,0.0,0.0,18.37582915,13.86399135,0.0,0.0,0.5,7,204
205,102.9745172,21.5742147,0.0,102.9745172,21.5742147,0.0,32.69197045,134.6239983,0.0,-0.17,0.0,0.0,-0.17,0.0,0.0,18.25910483,23.54607256,0.0,0.0,1.0,2,205
206,147.8856292,21.5742147,0.0,147.8856292,21.5742147,0.0,32.69197045,134.6239983,0.0,-0.17,0.0,0.0,-0.17,0.0,0.0,22.51198396,21.5742147,0.0,0.0,2.0,6,206
207,147.8856292,21.5742147,0.0,147.8856292,21.5742147,0.0,32.69197045,134.6239983,0.0,-0.17,0.0,0.0,-0.17,0.0,0.0,20.77331772,0.0,21.5742147,0.0,2.5,5,207
208,0.0,0.0,0.0,111.4802755,21.5742147,0.0,76.07416785,134.6239983,0.0,0.0,0.0,0.0,-0.17,0.0,-0.27,22.51198396,19.43509996,0.0,0.0,1.5,6,208
209,147.8856292,21.5742147,0.0,147.8856292,21.5742147,0.0,32.69197045,134.6239983,0.0,-0.17,0.0,0.0,-0.17,0.0,0.0,22.51198396,0.0,18.15163112,0.0,1.5,2,209
211,155.1469416,21.5742147,0.0,155.1469416,21.5742147,0.0,32.69197045,134.6239983,0.0,0.0,0.0,0.0,-0.17,0.0,0.0,22.51198396,0.0,18.15163112,0.0,25.5,1,211
213,76.88830503,30.36444165,0.0,76.88830503,30.36444165,0.0,32.69197045,134.6239983,-0.01,0.0,0.0,-0.01,0.0,0.0,0.0,22.51198396,0.0,18.15163112,0.0,16.5,8,213
214,76.88830503,47.66042687,0.0,76.88830503,47.66042687,0.0,32.69197045,134.6239983,-0.01,0.0,0.0,-0.01,0.0,0.0,0.0,22.51198396,0.0,18.15163112,0.0,21.5,7,214
215,76.88830503,53.81419488,0.0,76.88830503,53.81419488,0.0,32.69197045,134.6239983,-0.01,0.45,0.0,-0.01,0.45,0.0,0.0,22.51198396,0.0,18.15163112,0.0,12.75,8,215
217,112.3869671,53.81419488,0.0,112.3869671,53.81419488,0.0,32.69197045,134.6239983,0.0,0.45,0.0,0.0,0.45,0.0,0.0,22.51198396,0.0,18.15163112,0.0,7.625,6,217
218,102.9745172,53.81419488,0.0,102.9745172,53.81419488,0.0,32.69197045,134.6239983,0.0,0.45,0.0,0.0,0.45,0.0,0.0,22.51198396,0.0,18.15163112,0.0,12.5,7,218
221,155.1469416,53.81419488,0.0,155.1469416,53.81419488,0.0,32.69197045,134.6239983,0.0,0.45,0.0,0.0,0.45,0.0,0.0,22.51198396,0.0,18.15163112,0.0,14.0,5,221
223,180.948685,0.0,0.0,0.0,0.0,0.0,20.25598522,134.6239983,0.0,0.0,0.0,0.0,0.0,0.0,0.0,22.51198396,19.43509996,0.0,0.0,2.0,6,223
224,64.9564121,0.0,0.0,0.0,0.0,0.0,32.69197045,134.6239983,-0.14,0.0,0.0,0.0,0.0,0.0,0.0,22.51198396,19.43509996,0.0,0.0,2.5,6,224
226,168.7323234,0.0,0.0,0.0,0.0,0.0,32.69197045,134.6239983,0.0,0.0,0.0,0.0,0.0,0.0,0.0,22.51198396,19.43509996,0.0,0.0,2.0,5,226
227,0.0,0.0,0.0,0.0,21.5742147,94.18429025,76.07416785,134.6239983,0.0,0.0,0.0,0.0,-0.17,-0.03,-0.27,18.25910483,21.5742147,0.0,0.0,95.0,7,227
228,0.0,0.0,0.0,0.0,21.5742147,146.0722459,76.07416785,134.6239983,0.0,0.0,0.0,0.0,-0.17,0.0,-0.27,18.25910483,21.5742147,0.0,0.0,91.5,0,228
229,0.0,0.0,0.0,0.0,21.5742147,146.0722459,76.07416785,234.8336777,0.0,0.0,0.0,0.0,-0.17,0.0,-0.27,20.21646842,0.0,18.72206172,0.0,15.0,0,229
230,180.948685,0.0,0.0,0.0,0.0,0.0,20.25598522,134.6239983,0.0,0.0,0.0,0.0,0.0,0.0,0.0,22.51198396,21.5742147,0.0,0.0,1.5,6,230
232,147.8856292,21.5742147,0.0,147.8856292,21.5742147,0.0,32.69197045,134.6239983,0.0,-0.17,0.0,0.0,-0.17,0.0,0.0,22.51198396,19.43509996,0.0,0.0,1.0,9,232
233,180.948685,0.0,0.0,0.0,0.0,0.0,20.25598522,134.6239983,0.0,0.0,0.0,0.0,0.0,0.0,0.0,22.51198396,18.72206172,0.0,0.0,3.0,8,233
234,180.948685,0.0,0.0,0.0,0.0,0.0,20.25598522,134.6239983,0.0,0.0,0.0,0.0,0.0,0.0,0.0,22.51198396,0.0,18.15163112,0.0,7.0,6,234
235,76.88830503,21.5742147,0.0,76.88830503,0.0,0.0,54.84795567,134.6239983,-0.01,-0.17,0.0,-0.01,0.0,0.0,-0.17,22.51198396,19.43509996,0.0,0.0,4.5,5,235
236,0.0,0.0,0.0,0.0,21.5742147,102.9745172,76.07416785,134.6239983,0.0,0.0,0.0,0.0,-0.17,-0.08,-0.27,18.25910483,21.5742147,0.0,0.0,93.5,1,236
238,0.0,0.0,0.0,0.0,21.5742147,111.4802755,76.07416785,160.7102105,0.0,0.0,0.0,0.0,-0.17,0.0,-0.27,22.51198396,21.5742147,0.0,0.0,98.0,5,238
239,0.0,0.0,0.0,0.0,21.5742147,111.4802755,76.07416785,134.6239983,0.0,0.0,0.0,0.0,-0.17,0.0,-0.27,22.51198396,18.72206172,0.0,0.0,96.5,1,239
241,0.0,0.0,0.0,0.0,21.5742147,111.4802755,76.07416785,134.6239983,0.0,0.0,0.0,0.0,-0.17,0.0,-0.27,26.97717105,0.0,18.72206172,0.0,95.0,6,241
242,0.0,0.0,0.0,0.0,21.5742147,129.0607294,76.07416785,134.6239983,0.0,0.0,0.0,0.0,-0.17,0.0,-0.27,18.25910483,38.87019992,0.0,0.0,98.5,0,242
243,0.0,0.0,0.0,0.0,21.5742147,129.0607294,76.07416785,160.7102105,0.0,0.0,0.0,0.0,-0.17,0.0,-0.27,18.25910483,38.87019992,0.0,0.0,85.5,9,243
248,36.23374097,0.0,0.0,73.46217037,21.5742147,0.0,76.07416785,160.7102105,0.07,0.0,0.0,-0.12,-0.17,0.0,-0.27,22.51198396,0.0,19.22207626,0.0,95.0,8,248
249,36.23374097,0.0,0.0,73.46217037,21.5742147,0.0,76.07416785,166.5795098,0.07,0.0,0.0,-0.12,-0.17,0.0,-0.27,22.51198396,0.0,21.5742147,0.0,94.5,7,249
250,36.23374097,0.0,0.0,73.46217037,21.5742147,0.0,76.07416785,134.6239983,0.07,0.0,0.0,-0.12,-0.17,0.0,-0.27,17.93806496,0.0,21.5742147,0.0,94.0,5,250
251,36.23374097,0.0,0.0,73.46217037,21.5742147,0.0,76.07416785,134.6239983,0.07,0.0,0.0,-0.12,-0.17,0.0,-0.27,18.25910483,21.5742147,0.0,0.0,95.5,1,251
252,94.18429025,0.0,0.0,73.46217037,21.5742147,0.0,76.07416785,134.6239983,-0.09,0.0,0.0,-0.12,-0.17,0.0,-0.27,22.51198396,0.0,18.15163112,0.0,4.5,8,252
253,94.18429025,0.0,0.0,73.46217037,21.5742147,0.0,76.07416785,134.6239983,-0.09,0.0,0.0,-0.12,-0.17,0.0,-0.27,18.25910483,23.54607256,0.0,0.0,1.0,0,253
254,36.23374097,0.0,0.0,73.46217037,21.5742147,0.0,76.07416785,156.8595098,0.07,0.0,0.0,-0.12,-0.17,0.0,-0.27,22.51198396,19.43509996,0.0,0.0,98.0,2,254
255,64.9564121,0.0,0.0,21.5742147,0.0,0.0,84.57992612,207.2340739,0.0,0.0,0.0,-0.17,0.0,0.0,-0.15,22.51198396,19.43509996,0.0,0.0,1.0,0,255
256,36.23374097,0.0,0.0,73.46217037,21.5742147,0.0,76.07416785,175.3697368,0.07,0.0,0.0,-0.12,-0.17,0.0,-0.27,22.51198396,19.43509996,0.0,0.0,98.5,7,256
258,0.0,0.0,36.23374097,0.0,21.5742147,73.46217037,76.07416785,149.8350664,0.0,0.0,0.07,0.0,-0.17,-0.12,-0.27,22.51198396,21.5742147,0.0,0.0,2.5,0,258
259,0.0,0.0,0.0,0.0,21.5742147,111.4802755,76.07416785,170.1226604,0.0,0.0,0.0,0.0,-0.17,0.0,-0.27,22.51198396,19.43509996,0.0,0.0,99.0,2,259
260,0.0,0.0,36.23374097,0.0,21.5742147,73.46217037,76.07416785,134.6239983,0.0,0.0,0.07,0.0,-0.17,-0.12,-0.27,22.51198396,18.72206172,0.0,0.0,2.5,5,260
262,0.0,0.0,36.23374097,0.0,21.5742147,73.46217037,76.07416785,160.7102105,0.0,0.0,0.07,0.0,-0.17,-0.12,-0.27,27.7279827,0.0,19.22207626,0.0,91.5,2,262
263,0.0,0.0,36.23374097,0.0,21.5742147,73.46217037,76.07416785,257.9989622,0.0,0.0,0.07,0.0,-0.17,-0.12,-0.27,18.25910483,21.5742147,0.0,0.0,90.0,5,263
265,64.9564121,0.0,0.0,21.5742147,0.0,0.0,84.57992612,170.1226604,0.0,0.0,0.0,-0.17,0.0,0.0,-0.15,22.51198396,19.43509996,0.0,0.0,0.4,5,265
266,0.0,0.0,94.18429025,0.0,21.5742147,73.46217037,76.07416785,134.6239983,0.0,0.0,-0.09,0.0,-0.17,-0.12,-0.27,27.7279827,0.0,17.90767349,0.0,96.5,6,266
267,0.0,0.0,94.18429025,0.0,21.5742147,73.46217037,76.07416785,184.1599637,0.0,0.0,-0.09,0.0,-0.17,-0.12,-0.27,27.7279827,0.0,19.22207626,0.0,94.5,0,267
268,0.0,0.0,94.18429025,0.0,21.5742147,73.46217037,76.07416785,170.1226604,0.0,0.0,-0.09,0.0,-0.17,-0.12,-0.27,27.7279827,0.0,19.22207626,0.0,95.5,9,268
269,0.0,0.0,94.18429025,0.0,21.5742147,73.46217037,76.07416785,160.7102105,0.0,0.0,-0.09,0.0,-0.17,-0.12,-0.27,27.7279827,0.0,19.22207626,0.0,96.0,2,269
270,0.0,0.0,94.18429025,0.0,21.5742147,73.46217037,76.07416785,140.6915573,0.0,0.0,-0.09,0.0,-0.17,-0.12,-0.27,27.7279827,0.0,19.22207626,0.0,96.5,0,270
272,0.0,0.0,94.18429025,0.0,21.5742147,73.46217037,76.07416785,175.3697368,0.0,0.0,-0.09,0.0,-0.17,-0.12,-0.27,27.7279827,0.0,17.16241953,0.0,96.5,7,272
273,0.0,0.0,94.18429025,0.0,21.5742147,73.46217037,76.07416785,134.6239983,0.0,0.0,-0.09,0.0,-0.17,-0.12,-0.27,27.7279827,0.0,16.5911728,0.0,95.5,8,273
274,0.0,0.0,94.18429025,0.0,21.5742147,73.46217037,76.07416785,134.6239983,0.0,0.0,-0.09,0.0,-0.17,-0.12,-0.27,27.7279827,0.0,24.11007225,0.0,95.0,1,274
275,0.0,0.0,94.18429025,0.0,21.5742147,73.46217037,76.07416785,175.3697368,0.0,0.0,-0.09,0.0,-0.17,-0.12,-0.27,26.42553764,0.0,17.90767349,0.0,95.5,9,275
276,0.0,0.0,94.18429025,0.0,21.5742147,73.46217037,76.07416785,160.7102105,0.0,0.0,-0.09,0.0,-0.17,-0.12,-0.27,26.42553764,0.0,17.90767349,0.0,96.0,9,276
279,0.0,0.0,94.18429025,0.0,21.5742147,73.46217037,76.07416785,170.1226604,0.0,0.0,-0.09,0.0,-0.17,-0.12,-0.27,26.42553764,0.0,19.22207626,0.0,96.0,0,279
280,0.0,0.0,94.18429025,0.0,21.5742147,73.46217037,76.07416785,175.3697368,0.0,0.0,-0.09,0.0,-0.17,-0.12,-0.27,26.42553764,0.0,19.22207626,0.0,96.0,8,280
281,0.0,0.0,94.18429025,0.0,21.5742147,73.46217037,76.07416785,160.7102105,0.0,0.0,-0.09,0.0,-0.17,-0.12,-0.27,26.42553764,0.0,19.22207626,0.0,96.25,2,281
282,0.0,0.0,94.18429025,0.0,21.5742147,73.46217037,76.07416785,134.6239983,0.0,0.0,-0.09,0.0,-0.17,-0.12,-0.27,26.42553764,0.0,25.70726514,0.0,96.0,0,282
283,0.0,0.0,94.18429025,0.0,21.5742147,73.46217037,76.07416785,160.7102105,0.0,0.0,-0.09,0.0,-0.17,-0.12,-0.27,26.42553764,0.0,25.70726514,0.0,96.0,8,283
285,0.0,0.0,94.18429025,0.0,21.5742147,73.46217037,76.07416785,160.7102105,0.0,0.0,-0.09,0.0,-0.17,-0.12,-0.27,26.42553764,0.0,20.73896599,0.0,96.5,7,285
287,0.0,0.0,36.23374097,0.0,21.5742147,76.88830503,76.07416785,160.7102105,0.0,0.0,-0.16,0.0,-0.17,-0.01,-0.27,27.7279827,0.0,19.22207626,0.0,74.0,1,287
288,0.0,0.0,36.23374097,0.0,21.5742147,76.88830503,76.07416785,160.7102105,0.0,0.0,-0.16,0.0,-0.17,-0.01,-0.27,17.77754503,0.0,19.22207626,0.0,59.5,6,288
289,0.0,0.0,36.23374097,0.0,21.5742147,76.88830503,76.07416785,160.7102105,0.0,0.0,-0.16,0.0,-0.17,-0.01,-0.27,18.06061006,0.0,19.22207626,0.0,95.5,9,289
290,0.0,0.0,94.18429025,0.0,21.5742147,76.88830503,76.07416785,160.7102105,0.0,0.0,-0.09,0.0,-0.17,-0.01,-0.27,27.7279827,0.0,19.22207626,0.0,80.0,9,290
291,94.18429025,0.0,0.0,94.18429025,0.0,0.0,20.25598522,170.1226604,-0.09,0.0,0.0,-0.09,0.0,0.0,0.0,22.51198396,19.43509996,0.0,0.0,0.5,2,291
293,64.9564121,0.0,0.0,21.5742147,0.0,0.0,84.57992612,134.6239983,0.0,0.0,0.0,-0.17,0.0,0.0,-0.15,22.51198396,21.5742147,0.0,0.0,13.0,6,293
294,0.0,0.0,0.0,0.0,21.5742147,111.4802755,76.07416785,160.7102105,0.0,0.0,0.0,0.0,-0.17,0.0,-0.27,22.51198396,19.43509996,0.0,0.0,98.25,7,294
295,109.3953583,21.5742147,0.0,109.3953583,0.0,0.0,54.84795567,160.7102105,0.12,-0.17,0.0,0.12,0.0,0.0,-0.17,22.51198396,19.43509996,0.0,0.0,7.5,8,295
296,64.9564121,0.0,0.0,21.5742147,0.0,0.0,84.57992612,160.7102105,0.0,0.0,0.0,-0.17,0.0,0.0,-0.15,22.51198396,19.43509996,0.0,0.0,0.9,8,296
297,0.0,0.0,36.23374097,0.0,21.5742147,73.46217037,76.07416785,160.7102105,0.0,0.0,0.07,0.0,-0.17,-0.12,-0.27,22.51198396,19.43509996,0.0,0.0,2.0,2,297
298,94.18429025,0.0,0.0,94.18429025,0.0,0.0,20.25598522,426.2905738,-0.09,0.0,0.0,-0.09,0.0,0.0,0.0,22.51198396,19.43509996,0.0,0.0,2.5,2,298
299,102.8290606,21.5742147,0.0,102.8290606,0.0,0.0,54.84795567,170.1226604,0.26,-0.17,0.0,0.26,0.0,0.0,-0.17,22.51198396,19.43509996,0.0,0.0,2.0,6,299
300,94.18429025,0.0,0.0,94.18429025,0.0,0.0,20.25598522,426.2905738,-0.09,0.0,0.0,-0.09,0.0,0.0,0.0,22.51198396,19.43509996,0.0,0.0,1.5,9,300
302,94.18429025,0.0,0.0,94.18429025,0.0,0.0,20.25598522,399.919893,-0.09,0.0,0.0,-0.09,0.0,0.0,0.0,22.51198396,19.43509996,0.0,0.0,2.0,0,302
304,0.0,0.0,0.0,0.0,21.5742147,111.4802755,76.07416785,140.6915573,0.0,0.0,0.0,0.0,-0.17,0.0,-0.27,22.51198396,19.43509996,0.0,0.0,99.0,9,304
305,64.9564121,0.0,0.0,21.5742147,0.0,0.0,84.57992612,134.6239983,0.0,0.0,0.0,-0.17,0.0,0.0,-0.15,22.51198396,0.0,28.08309257,0.0,3.6,7,305
306,64.9564121,0.0,0.0,21.5742147,0.0,0.0,84.57992612,134.6239983,0.0,0.0,0.0,-0.17,0.0,0.0,-0.15,22.51198396,18.72206172,0.0,0.0,1.0,9,306
307,64.9564121,0.0,0.0,21.5742147,0.0,0.0,84.57992612,134.6239983,0.0,0.0,0.0,-0.17,0.0,0.0,-0.15,22.51198396,0.0,18.15163112,0.0,97.5,2,307
308,64.9564121,0.0,0.0,21.5742147,0.0,0.0,84.57992612,134.6239983,0.0,0.0,0.0,-0.17,0.0,0.0,-0.15,20.06761165,0.0,21.5742147,0.0,96.0,7,308
309,64.9564121,0.0,0.0,21.5742147,0.0,0.0,84.57992612,134.6239983,0.0,0.0,0.0,-0.17,0.0,0.0,-0.15,20.06761165,0.0,18.72206172,0.0,97.0,2,309
310,64.9564121,0.0,0.0,21.5742147,0.0,0.0,84.57992612,140.6915573,0.0,0.0,0.0,-0.17,0.0,0.0,-0.15,22.51198396,19.43509996,0.0,0.0,1.0,0,310
311,94.18429025,0.0,0.0,94.18429025,0.0,0.0,20.25598522,366.2346142,-0.09,0.0,0.0,-0.09,0.0,0.0,0.0,22.51198396,19.43509996,0.0,0.0,1.5,7,311
312,0.0,0.0,0.0,0.0,21.5742147,111.4802755,76.07416785,149.8350664,0.0,0.0,0.0,0.0,-0.17,0.0,-0.27,22.51198396,19.43509996,0.0,0.0,96.5,0,312
313,64.9564121,0.0,0.0,21.5742147,0.0,0.0,84.57992612,169.2159688,0.0,0.0,0.0,-0.17,0.0,0.0,-0.15,22.51198396,19.43509996,0.0,0.0,1.5,5,313
314,0.0,0.0,0.0,0.0,21.5742147,111.4802755,76.07416785,175.2785624,0.0,0.0,0.0,0.0,-0.17,0.0,-0.27,22.51198396,19.43509996,0.0,0.0,87.5,0,314
316,94.18429025,0.0,0.0,94.18429025,0.0,0.0,20.25598522,469.9956295,-0.09,0.0,0.0,-0.09,0.0,0.0,0.0,22.51198396,19.43509996,0.0,0.0,2.0,2,316
317,0.0,0.0,95.69768187,0.0,0.0,95.69768187,20.25598522,134.6239983,0.0,0.0,-0.15,0.0,0.0,-0.15,0.0,22.51198396,21.5742147,0.0,0.0,91.0,7,317
318,168.7323234,0.0,0.0,0.0,0.0,0.0,32.69197045,163.1533752,0.0,0.0,0.0,0.0,0.0,0.0,0.0,22.51198396,19.43509996,0.0,0.0,4.0,2,318
319,149.7828493,0.0,0.0,21.5742147,0.0,0.0,84.57992612,234.8336777,0.44,0.0,0.0,-0.17,0.0,0.0,-0.15,20.21646842,0.0,18.72206172,0.0,5.0,7,319
321,94.18429025,0.0,0.0,94.18429025,0.0,0.0,20.25598522,180.4493604,-0.09,0.0,0.0,-0.09,0.0,0.0,0.0,22.51198396,19.43509996,0.0,0.0,2.0,0,321
322,64.9564121,0.0,0.0,21.5742147,0.0,0.0,84.57992612,180.4493604,0.0,0.0,0.0,-0.17,0.0,0.0,-0.15,22.51198396,19.43509996,0.0,0.0,0.3,5,322
323,142.5006546,0.0,0.0,21.5742147,0.0,0.0,84.57992612,134.6239983,0.36,0.0,0.0,-0.17,0.0,0.0,-0.15,17.13817676,0.0,18.58004591,0.0,6.5,9,323
324,130.1441957,0.0,0.0,21.5742147,0.0,0.0,84.57992612,134.6239983,0.36,0.0,0.0,-0.17,0.0,0.0,-0.15,17.13817676,0.0,18.58004591,0.0,2.5,7,324
325,128.6308041,0.0,0.0,21.5742147,0.0,0.0,84.57992612,134.6239983,0.36,0.0,0.0,-0.17,0.0,0.0,-0.15,17.13817676,0.0,18.58004591,0.0,5.0,8,325
326,218.5368649,0.0,0.0,21.5742147,0.0,0.0,84.57992612,134.6239983,0.36,0.0,0.0,-0.17,0.0,0.0,-0.15,16.08830599,0.0,18.36554259,0.0,4.5,2,326
327,218.5368649,0.0,0.0,21.5742147,0.0,0.0,84.57992612,234.8336777,0.36,0.0,0.0,-0.17,0.0,0.0,-0.15,20.21646842,0.0,18.72206172,0.0,2.5,2,327
328,218.5368649,0.0,0.0,21.5742147,0.0,0.0,84.57992612,252.1296629,0.36,0.0,0.0,-0.17,0.0,0.0,-0.15,20.21646842,0.0,18.72206172,0.0,2.5,9,328
329,218.5368649,0.0,0.0,21.5742147,0.0,0.0,84.57992612,234.8336777,0.36,0.0,0.0,-0.17,0.0,0.0,-0.15,18.13666273,0.0,18.00902347,0.0,4.0,5,329
330,218.5368649,0.0,0.0,21.5742147,0.0,0.0,84.57992612,134.6239983,0.36,0.0,0.0,-0.17,0.0,0.0,-0.15,17.13817676,0.0,29.17730978,0.0,3.5,2,330
331,218.5368649,0.0,0.0,21.5742147,0.0,0.0,84.57992612,134.6239983,0.36,0.0,0.0,-0.17,0.0,0.0,-0.15,20.02084097,0.0,18.36554259,0.0,6.5,1,331
332,218.5368649,0.0,0.0,21.5742147,0.0,0.0,84.57992612,134.6239983,0.36,0.0,0.0,-0.17,0.0,0.0,-0.15,17.13817676,0.0,18.58004591,0.0,3.0,8,332
334,216.3874908,0.0,0.0,21.5742147,0.0,0.0,84.57992612,140.6915573,0.36,0.0,0.0,-0.17,0.0,0.0,-0.15,16.07246394,0.0,31.15753054,0.0,1.5,2,334
335,216.3874908,0.0,0.0,21.5742147,0.0,0.0,84.57992612,210.513249,0.36,0.0,0.0,-0.17,0.0,0.0,-0.15,14.67972665,0.0,19.22207626,0.0,3.5,2,335
336,216.3874908,0.0,0.0,21.5742147,0.0,0.0,84.57992612,175.2785624,0.36,0.0,0.0,-0.17,0.0,0.0,-0.15,14.67972665,0.0,19.22207626,0.0,3.5,1,336
338,216.3874908,0.0,0.0,21.5742147,0.0,0.0,84.57992612,151.9199836,0.36,0.0,0.0,-0.17,0.0,0.0,-0.15,18.54060741,0.0,18.36554259,0.0,3.25,8,338
339,216.3874908,0.0,0.0,21.5742147,0.0,0.0,84.57992612,134.6239983,0.36,0.0,0.0,-0.17,0.0,0.0,-0.15,20.98888397,0.0,18.58004591,0.0,5.0,0,339
340,216.3874908,0.0,0.0,21.5742147,0.0,0.0,84.57992612,134.6239983,0.36,0.0,0.0,-0.17,0.0,0.0,-0.15,17.13817676,0.0,18.58004591,0.0,2.0,8,340
341,104.3424522,0.0,0.0,21.5742147,0.0,0.0,84.57992612,134.6239983,0.36,0.0,0.0,-0.17,0.0,0.0,-0.15,17.13817676,0.0,18.58004591,0.0,15.0,1,341
342,64.9564121,0.0,0.0,21.5742147,0.0,0.0,84.57992612,166.5795098,0.0,0.0,0.0,-0.17,0.0,0.0,-0.15,22.51198396,19.43509996,0.0,0.0,0.3,7,342
343,0.0,0.0,94.18429025,0.0,0.0,94.18429025,20.25598522,348.0319373,0.0,0.0,-0.09,0.0,0.0,-0.09,0.0,22.51198396,21.5742147,0.0,0.0,94.0,9,343
344,0.0,0.0,94.18429025,0.0,0.0,94.18429025,20.25598522,134.6239983,0.0,0.0,-0.09,0.0,0.0,-0.09,0.0,22.51198396,19.43509996,0.0,0.0,97.66666667,5,344
345,0.0,0.0,53.5297262,0.0,21.5742147,0.0,76.07416785,134.6239983,0.0,0.0,-0.14,0.0,-0.17,0.0,-0.27,22.51198396,19.43509996,0.0,0.0,21.0,5,345
346,0.0,0.0,36.23374097,0.0,21.5742147,73.46217037,76.07416785,134.6239983,0.0,0.0,0.07,0.0,-0.17,-0.12,-0.27,22.51198396,19.43509996,0.0,0.0,2.5,7,346
347,0.0,0.0,56.16618515,0.0,21.5742147,76.88830503,76.07416785,134.6239983,0.0,0.0,-0.13,0.0,-0.17,-0.01,-0.27,22.51198396,19.43509996,0.0,0.0,9.0,9,347
348,0.0,0.0,0.0,128.7762607,21.5742147,0.0,76.07416785,134.6239983,0.0,0.0,0.0,0.0,-0.17,0.0,-0.27,22.51198396,19.43509996,0.0,0.0,4.25,8,348
350,0.0,0.0,94.18429025,0.0,21.5742147,76.88830503,76.07416785,134.6239983,0.0,0.0,-0.09,0.0,-0.17,-0.01,-0.27,22.51198396,19.43509996,0.0,0.0,6.0,9,350
351,0.0,0.0,64.9564121,0.0,0.0,21.5742147,84.57992612,151.9199836,0.0,0.0,0.0,0.0,0.0,-0.17,-0.15,22.51198396,19.43509996,0.0,0.0,98.75,6,351
353,0.0,0.0,94.18429025,0.0,0.0,94.18429025,20.25598522,134.6239983,0.0,0.0,-0.09,0.0,0.0,-0.09,0.0,22.51198396,18.72206172,0.0,0.0,95.25,0,353
354,0.0,0.0,94.18429025,0.0,0.0,94.18429025,20.25598522,134.6239983,0.0,0.0,-0.09,0.0,0.0,-0.09,0.0,22.51198396,0.0,18.15163112,0.0,97.5,5,354
355,0.0,0.0,94.18429025,0.0,0.0,94.18429025,20.25598522,134.6239983,0.0,0.0,-0.09,0.0,0.0,-0.09,0.0,26.42553764,0.0,26.42553764,0.0,95.0,7,355
356,0.0,0.0,94.18429025,0.0,0.0,94.18429025,20.25598522,134.6239983,0.0,0.0,-0.09,0.0,0.0,-0.09,0.0,18.25910483,38.87019992,0.0,0.0,94.5,0,356
358,0.0,0.0,94.18429025,0.0,0.0,94.18429025,20.25598522,134.6239983,0.0,0.0,-0.09,0.0,0.0,-0.09,0.0,18.67357617,13.86399135,0.0,0.0,85.0,6,358
359,0.0,0.0,168.7323234,0.0,0.0,0.0,32.69197045,151.9199836,0.0,0.0,0.0,0.0,0.0,0.0,0.0,22.51198396,19.43509996,0.0,0.0,98.0,1,359
361,0.0,21.5742147,76.88830503,0.0,0.0,76.88830503,54.84795567,134.6239983,0.0,-0.17,-0.01,0.0,0.0,-0.01,-0.17,17.93806496,0.0,17.93806496,0.0,67.0,1,361
362,0.0,21.5742147,76.88830503,0.0,0.0,76.88830503,54.84795567,134.6239983,0.0,-0.17,-0.01,0.0,0.0,-0.01,-0.17,17.77754503,0.0,17.77754503,0.0,88.5,8,362
365,0.0,21.5742147,76.88830503,0.0,0.0,76.88830503,54.84795567,170.1226604,0.0,-0.17,-0.01,0.0,0.0,-0.01,-0.17,26.42553764,0.0,26.42553764,0.0,98.33333333,7,365
366,0.0,21.5742147,76.88830503,0.0,0.0,76.88830503,54.84795567,160.7102105,0.0,-0.17,-0.01,0.0,0.0,-0.01,-0.17,26.42553764,0.0,26.42553764,0.0,97.83333333,1,366
368,0.0,21.5742147,76.88830503,0.0,0.0,76.88830503,54.84795567,149.8350664,0.0,-0.17,-0.01,0.0,0.0,-0.01,-0.17,26.42553764,0.0,26.42553764,0.0,98.75,2,368
369,0.0,21.5742147,76.88830503,0.0,0.0,76.88830503,54.84795567,203.8079392,0.0,-0.17,-0.01,0.0,0.0,-0.01,-0.17,26.42553764,0.0,26.42553764,0.0,98.0,7,369
370,0.0,21.5742147,76.88830503,0.0,0.0,76.88830503,54.84795567,207.2340739,0.0,-0.17,-0.01,0.0,0.0,-0.01,-0.17,26.42553764,0.0,26.42553764,0.0,99.0,5,370
371,0.0,21.5742147,76.88830503,0.0,0.0,76.88830503,54.84795567,175.3697368,0.0,-0.17,-0.01,0.0,0.0,-0.01,-0.17,26.42553764,0.0,26.42553764,0.0,99.0,5,371
372,0.0,21.5742147,76.88830503,0.0,0.0,76.88830503,54.84795567,140.6915573,0.0,-0.17,-0.01,0.0,0.0,-0.01,-0.17,26.42553764,0.0,26.42553764,0.0,99.5,6,372
373,0.0,21.5742147,76.88830503,0.0,0.0,76.88830503,54.84795567,146.7591162,0.0,-0.17,-0.01,0.0,0.0,-0.01,-0.17,26.42553764,0.0,26.42553764,0.0,98.5,8,373
375,0.0,21.5742147,76.88830503,0.0,0.0,76.88830503,54.84795567,134.6239983,0.0,-0.17,-0.01,0.0,0.0,-0.01,-0.17,26.42553764,26.42553764,0.0,0.0,99.0,6,375
377,0.0,21.5742147,76.88830503,0.0,0.0,76.88830503,54.84795567,134.6239983,0.0,-0.17,-0.01,0.0,0.0,-0.01,-0.17,15.10949251,0.0,18.83685805,0.0,75.0,5,377
378,0.0,21.5742147,94.18429025,0.0,0.0,94.18429025,54.84795567,134.6239983,0.0,-0.17,-0.03,0.0,0.0,-0.03,-0.17,22.51198396,0.0,28.08309257,0.0,88.5,7,378
379,0.0,21.5742147,94.18429025,0.0,0.0,94.18429025,54.84795567,134.6239983,0.0,-0.17,-0.03,0.0,0.0,-0.03,-0.17,15.10949251,0.0,18.83685805,0.0,77.0,1,379
380,0.0,21.5742147,146.0722459,0.0,0.0,146.0722459,54.84795567,134.6239983,0.0,-0.17,-0.03,0.0,0.0,-0.03,-0.17,22.51198396,0.0,28.08309257,0.0,89.0,0,380
381,0.0,21.5742147,149.4983806,0.0,0.0,149.4983806,54.84795567,134.6239983,0.0,-0.17,0.0,0.0,0.0,0.0,-0.17,22.51198396,0.0,28.08309257,0.0,91.5,6,381
382,0.0,21.5742147,149.4983806,0.0,0.0,149.4983806,54.84795567,134.6239983,0.0,-0.17,0.0,0.0,0.0,0.0,-0.17,15.10949251,0.0,18.83685805,0.0,77.5,6,382
383,0.0,21.5742147,102.8290606,0.0,0.0,102.8290606,54.84795567,151.9199836,0.0,-0.17,0.26,0.0,0.0,0.26,-0.17,22.51198396,19.43509996,0.0,0.0,96.83333333,9,383
384,0.0,0.0,212.9041965,0.0,0.0,21.5742147,84.57992612,239.1895854,0.0,0.0,0.44,0.0,0.0,-0.17,-0.15,22.51198396,19.43509996,0.0,0.0,98.0,0,384
385,0.0,21.5742147,102.8290606,0.0,0.0,102.8290606,54.84795567,160.7102105,0.0,-0.17,0.26,0.0,0.0,0.26,-0.17,22.51198396,19.43509996,0.0,0.0,96.0,5,385
386,0.0,0.0,36.23374097,0.0,21.5742147,73.46217037,76.07416785,140.6915573,0.0,0.0,0.07,0.0,-0.17,-0.12,-0.27,22.51198396,19.43509996,0.0,0.0,1.5,5,386
387,0.0,0.0,64.9564121,0.0,0.0,21.5742147,84.57992612,149.8350664,0.0,0.0,0.0,0.0,0.0,-0.17,-0.15,22.51198396,19.43509996,0.0,0.0,98.0,8,387
388,0.0,0.0,0.0,111.4802755,21.5742147,0.0,76.07416785,160.5647539,0.0,0.0,0.0,0.0,-0.17,0.0,-0.27,22.51198396,19.43509996,0.0,0.0,2.5,7,388
389,0.0,0.0,76.88830503,0.0,0.0,76.88830503,32.69197045,134.6239983,0.0,0.0,-0.01,0.0,0.0,-0.01,0.0,22.51198396,19.43509996,0.0,0.0,98.25,8,389
390,0.0,0.0,94.18429025,0.0,0.0,94.18429025,32.69197045,134.6239983,0.0,0.0,-0.03,0.0,0.0,-0.03,0.0,22.51198396,19.43509996,0.0,0.0,91.5,6,390
391,0.0,0.0,112.3869671,0.0,0.0,112.3869671,32.69197045,134.6239983,0.0,0.0,-0.09,0.0,0.0,-0.09,0.0,22.51198396,19.43509996,0.0,0.0,97.0,0,391
392,0.0,0.0,102.9745172,0.0,0.0,102.9745172,32.69197045,134.6239983,0.0,0.0,-0.08,0.0,0.0,-0.08,0.0,22.51198396,19.43509996,0.0,0.0,97.5,8,392
393,0.0,0.0,111.4802755,0.0,0.0,111.4802755,32.69197045,134.6239983,0.0,0.0,-0.09,0.0,0.0,-0.09,0.0,22.51198396,19.43509996,0.0,0.0,90.5,1,393
394,36.23374097,0.0,0.0,36.23374097,0.0,0.0,20.25598522,134.6239983,-0.16,0.0,0.0,-0.16,0.0,0.0,0.0,22.51198396,19.43509996,0.0,0.0,2.5,1,394
395,73.46217037,0.0,0.0,73.46217037,0.0,0.0,20.25598522,134.6239983,-0.12,0.0,0.0,-0.12,0.0,0.0,0.0,22.51198396,19.43509996,0.0,0.0,2.5,9,395
397,94.18429025,0.0,0.0,94.18429025,0.0,0.0,20.25598522,134.6239983,-0.09,0.0,0.0,-0.09,0.0,0.0,0.0,22.51198396,19.43509996,0.0,0.0,2.0,8,397
398,0.0,0.0,30.36444165,0.0,0.0,21.5742147,84.57992612,134.6239983,0.0,0.0,0.0,0.0,0.0,-0.17,-0.15,22.51198396,19.43509996,0.0,0.0,97.5,8,398
399,0.0,0.0,64.9564121,0.0,0.0,21.5742147,84.57992612,134.6239983,0.0,0.0,0.0,0.0,0.0,-0.17,-0.15,22.51198396,19.43509996,0.0,0.0,99.14,1,399
402,0.0,0.0,53.81419488,0.0,0.0,21.5742147,84.57992612,134.6239983,0.0,0.0,0.45,0.0,0.0,-0.17,-0.15,22.51198396,19.43509996,0.0,0.0,93.25,5,402
403,0.0,21.5742147,102.8290606,0.0,0.0,102.8290606,54.84795567,134.6239983,0.0,-0.17,0.26,0.0,0.0,0.26,-0.17,22.51198396,0.0,28.08309257,0.0,98.0,5,403
404,0.0,21.5742147,102.8290606,0.0,0.0,102.8290606,54.84795567,151.9199836,0.0,-0.17,0.26,0.0,0.0,0.26,-0.17,22.51198396,0.0,28.08309257,0.0,98.0,1,404
406,0.0,21.5742147,102.8290606,0.0,0.0,102.8290606,54.84795567,134.6239983,0.0,-0.17,0.26,0.0,0.0,0.26,-0.17,22.51198396,18.72206172,0.0,0.0,97.5,9,406
407,0.0,21.5742147,102.8290606,0.0,0.0,102.8290606,54.84795567,151.9199836,0.0,-0.17,0.26,0.0,0.0,0.26,-0.17,22.51198396,18.72206172,0.0,0.0,94.5,6,407
408,0.0,21.5742147,102.8290606,0.0,0.0,102.8290606,54.84795567,134.6239983,0.0,-0.17,0.26,0.0,0.0,0.26,-0.17,18.25910483,38.87019992,0.0,0.0,98.0,7,408
409,0.0,21.5742147,102.8290606,0.0,0.0,102.8290606,54.84795567,151.9199836,0.0,-0.17,0.26,0.0,0.0,0.26,-0.17,18.25910483,38.87019992,0.0,0.0,94.25,0,409
411,0.0,21.5742147,82.95586398,0.0,0.0,82.95586398,54.84795567,134.6239983,0.0,-0.17,-0.2,0.0,0.0,-0.2,-0.17,22.51198396,0.0,28.08309257,0.0,95.5,2,411
412,0.0,21.5742147,82.95586398,0.0,0.0,82.95586398,54.84795567,134.6239983,0.0,-0.17,-0.2,0.0,0.0,-0.2,-0.17,15.10949251,0.0,18.83685805,0.0,72.5,5,412
413,0.0,21.5742147,117.5428691,0.0,0.0,117.5428691,54.84795567,134.6239983,0.0,-0.17,0.14,0.0,0.0,0.14,-0.17,22.51198396,0.0,28.08309257,0.0,96.375,7,413
414,0.0,21.5742147,117.5428691,0.0,0.0,117.5428691,54.84795567,151.9199836,0.0,-0.17,0.14,0.0,0.0,0.14,-0.17,22.51198396,0.0,28.08309257,0.0,99.0,6,414
415,0.0,21.5742147,117.5428691,0.0,0.0,117.5428691,54.84795567,160.7102105,0.0,-0.17,0.14,0.0,0.0,0.14,-0.17,22.51198396,0.0,28.08309257,0.0,96.75,6,415
416,0.0,21.5742147,117.5428691,0.0,0.0,117.5428691,54.84795567,207.2340739,0.0,-0.17,0.14,0.0,0.0,0.14,-0.17,22.51198396,0.0,28.08309257,0.0,98.5,1,416
417,0.0,21.5742147,117.5428691,0.0,0.0,117.5428691,54.84795567,170.1226604,0.0,-0.17,0.14,0.0,0.0,0.14,-0.17,22.51198396,0.0,28.08309257,0.0,98.0,2,417
418,0.0,21.5742147,117.5428691,0.0,0.0,117.5428691,54.84795567,175.2785624,0.0,-0.17,0.14,0.0,0.0,0.14,-0.17,22.51198396,0.0,28.08309257,0.0,97.5,2,418
419,0.0,21.5742147,117.5428691,0.0,0.0,117.5428691,54.84795567,134.6239983,0.0,-0.17,0.14,0.0,0.0,0.14,-0.17,22.51198396,0.0,26.13389888,0.0,95.0,1,419
421,0.0,21.5742147,117.5428691,0.0,0.0,117.5428691,54.84795567,149.8350664,0.0,-0.17,0.14,0.0,0.0,0.14,-0.17,22.51198396,0.0,26.13389888,0.0,97.25,2,421
422,0.0,21.5742147,117.5428691,0.0,0.0,117.5428691,54.84795567,170.1226604,0.0,-0.17,0.14,0.0,0.0,0.14,-0.17,22.51198396,0.0,26.13389888,0.0,99.7,5,422
423,0.0,21.5742147,117.5428691,0.0,0.0,117.5428691,54.84795567,134.6239983,0.0,-0.17,0.14,0.0,0.0,0.14,-0.17,22.51198396,0.0,17.16241953,0.0,89.0,1,423
425,0.0,21.5742147,117.5428691,0.0,0.0,117.5428691,54.84795567,134.6239983,0.0,-0.17,0.14,0.0,0.0,0.14,-0.17,26.42553764,0.0,21.5742147,0.0,99.0,0,425
427,0.0,21.5742147,117.5428691,0.0,0.0,117.5428691,54.84795567,134.6239983,0.0,-0.17,0.14,0.0,0.0,0.14,-0.17,26.42553764,0.0,21.46208822,0.0,98.0,9,427
428,0.0,21.5742147,117.5428691,0.0,0.0,117.5428691,54.84795567,134.6239983,0.0,-0.17,0.14,0.0,0.0,0.14,-0.17,15.10949251,0.0,18.83685805,0.0,91.875,8,428
429,0.0,0.0,0.0,76.88830503,21.5742147,0.0,76.07416785,134.6239983,0.0,0.0,0.0,-0.01,-0.17,0.0,-0.27,22.51198396,19.43509996,0.0,0.0,5.0,0,429
431,0.0,0.0,0.0,94.18429025,21.5742147,0.0,76.07416785,134.6239983,0.0,0.0,0.0,-0.01,-0.17,0.0,-0.27,22.51198396,19.43509996,0.0,0.0,2.0,8,431
432,0.0,0.0,112.3869671,0.0,0.0,112.3869671,32.69197045,134.6239983,0.0,0.0,-0.09,0.0,0.0,-0.09,0.0,22.51198396,0.0,28.08309257,0.0,96.0,2,432
433,0.0,0.0,0.0,100.3380583,21.5742147,0.0,76.07416785,134.6239983,0.0,0.0,0.0,0.0,-0.17,0.0,-0.27,22.51198396,19.43509996,0.0,0.0,3.5,6,433
434,0.0,21.5742147,109.3953583,0.0,0.0,109.3953583,54.84795567,134.6239983,0.0,-0.17,0.12,0.0,0.0,0.12,-0.17,22.51198396,0.0,28.08309257,0.0,94.0,5,434
435,0.0,21.5742147,109.3953583,0.0,0.0,109.3953583,54.84795567,134.6239983,0.0,-0.17,0.12,0.0,0.0,0.12,-0.17,15.10949251,0.0,18.83685805,0.0,76.0,1,435
436,0.0,0.0,0.0,94.18429025,21.5742147,0.0,76.07416785,134.6239983,0.0,0.0,0.0,-0.03,-0.17,0.0,-0.27,22.51198396,19.43509996,0.0,0.0,2.4,5,436
437,0.0,0.0,102.9745172,0.0,0.0,102.9745172,32.69197045,134.6239983,0.0,0.0,-0.08,0.0,0.0,-0.08,0.0,22.51198396,0.0,28.08309257,0.0,89.0,6,437
438,0.0,0.0,0.0,146.0722459,21.5742147,0.0,76.07416785,134.6239983,0.0,0.0,0.0,0.0,-0.17,0.0,-0.27,22.51198396,19.43509996,0.0,0.0,4.5,6,438
440,0.0,27.64177365,76.88830503,0.0,27.64177365,76.88830503,32.69197045,134.6239983,0.0,0.15,-0.01,0.0,0.15,-0.01,0.0,22.51198396,0.0,18.15163112,0.0,80.5,2,440
441,0.0,0.0,0.0,112.3869671,21.5742147,0.0,76.07416785,134.6239983,0.0,0.0,0.0,0.0,-0.17,0.0,-0.27,22.51198396,19.43509996,0.0,0.0,7.5,6,441
442,0.0,0.0,0.0,102.9745172,21.5742147,0.0,76.07416785,134.6239983,0.0,0.0,0.0,-0.08,-0.17,0.0,-0.27,22.51198396,19.43509996,0.0,0.0,4.5,6,442
443,0.0,0.0,168.7323234,0.0,0.0,0.0,32.69197045,134.6239983,0.0,0.0,0.0,0.0,0.0,0.0,0.0,22.51198396,21.5742147,0.0,0.0,94.5,8,443
444,0.0,0.0,0.0,112.3869671,21.5742147,0.0,76.07416785,134.6239983,0.0,0.0,0.0,0.0,-0.17,0.0,-0.27,22.51198396,19.43509996,0.0,0.0,5.5,7,444
446,0.0,0.0,168.7323234,0.0,0.0,0.0,32.69197045,134.6239983,0.0,0.0,0.0,0.0,0.0,0.0,0.0,22.51198396,18.72206172,0.0,0.0,92.5,6,446
447,0.0,0.0,168.7323234,0.0,0.0,0.0,32.69197045,134.6239983,0.0,0.0,0.0,0.0,0.0,0.0,0.0,22.51198396,0.0,18.15163112,0.0,95.0,5,447
448,0.0,0.0,146.0722459,0.0,0.0,146.0722459,20.25598522,134.6239983,0.0,0.0,-0.09,0.0,0.0,-0.09,0.0,26.42553764,0.0,26.42553764,0.0,95.0,5,448
450,0.0,0.0,146.0722459,0.0,0.0,146.0722459,20.25598522,160.7102105,0.0,0.0,-0.09,0.0,0.0,-0.09,0.0,26.42553764,0.0,26.42553764,0.0,93.0,0,450
451,0.0,0.0,146.0722459,0.0,0.0,146.0722459,20.25598522,140.6915573,0.0,0.0,-0.09,0.0,0.0,-0.09,0.0,26.42553764,0.0,26.42553764,0.0,95.0,5,451
452,0.0,0.0,146.0722459,0.0,0.0,146.0722459,20.25598522,175.2785624,0.0,0.0,-0.09,0.0,0.0,-0.09,0.0,26.42553764,0.0,26.42553764,0.0,93.5,2,452
453,0.0,0.0,146.0722459,0.0,0.0,146.0722459,20.25598522,134.6239983,0.0,0.0,-0.09,0.0,0.0,-0.09,0.0,18.67357617,13.86399135,0.0,0.0,7.5,6,453
454,0.0,0.0,146.0722459,0.0,0.0,146.0722459,20.25598522,134.6239983,0.0,0.0,-0.09,0.0,0.0,-0.09,0.0,21.69069928,13.86399135,0.0,0.0,6.5,8,454
455,0.0,0.0,146.0722459,0.0,0.0,146.0722459,20.25598522,151.9199836,0.0,0.0,-0.09,0.0,0.0,-0.09,0.0,21.69069928,13.86399135,0.0,0.0,4.0,2,455
456,0.0,0.0,146.0722459,0.0,0.0,146.0722459,20.25598522,149.8350664,0.0,0.0,-0.09,0.0,0.0,-0.09,0.0,21.69069928,13.86399135,0.0,0.0,9.0,0,456
457,0.0,0.0,146.0722459,0.0,0.0,146.0722459,20.25598522,160.7102105,0.0,0.0,-0.09,0.0,0.0,-0.09,0.0,21.69069928,13.86399135,0.0,0.0,8.0,8,457
458,0.0,0.0,146.0722459,0.0,0.0,146.0722459,20.25598522,140.6915573,0.0,0.0,-0.09,0.0,0.0,-0.09,0.0,21.69069928,13.86399135,0.0,0.0,7.5,1,458
460,0.0,0.0,76.88830503,0.0,0.0,76.88830503,32.69197045,134.6239983,0.0,0.0,-0.01,0.0,0.0,-0.01,0.0,22.51198396,0.0,29.3978241,0.0,98.5,7,460
462,0.0,0.0,76.88830503,0.0,0.0,76.88830503,32.69197045,151.9199836,0.0,0.0,-0.01,0.0,0.0,-0.01,0.0,22.51198396,21.5742147,0.0,0.0,98.0,2,462
463,0.0,0.0,0.0,117.5428691,21.5742147,0.0,76.07416785,134.6239983,0.0,0.0,0.0,0.14,-0.17,0.0,-0.27,22.51198396,19.43509996,0.0,0.0,5.0,5,463
464,0.0,0.0,0.0,117.5428691,21.5742147,0.0,76.07416785,134.6239983,0.0,0.0,0.0,0.13,-0.17,0.0,-0.27,22.51198396,19.43509996,0.0,0.0,4.5,8,464
465,0.0,0.0,0.0,94.18429025,21.5742147,0.0,76.07416785,134.6239983,0.0,0.0,0.0,-0.09,-0.17,0.0,-0.27,22.51198396,19.43509996,0.0,0.0,30.5,7,465
466,0.0,0.0,76.88830503,0.0,0.0,76.88830503,32.69197045,134.6239983,0.0,0.0,-0.01,0.0,0.0,-0.01,0.0,22.51198396,26.22872177,0.0,0.0,99.0,2,466
467,0.0,0.0,76.88830503,0.0,0.0,76.88830503,32.69197045,160.7102105,0.0,0.0,-0.01,0.0,0.0,-0.01,0.0,22.51198396,26.22872177,0.0,0.0,98.0,1,467
468,0.0,0.0,76.88830503,0.0,0.0,76.88830503,32.69197045,140.6915573,0.0,0.0,-0.01,0.0,0.0,-0.01,0.0,22.51198396,26.22872177,0.0,0.0,98.5,1,468
469,0.0,0.0,76.88830503,0.0,0.0,76.88830503,32.69197045,134.6239983,0.0,0.0,-0.01,0.0,0.0,-0.01,0.0,22.51198396,0.0,28.08309257,0.0,92.5,8,469
470,0.0,0.0,76.88830503,0.0,0.0,76.88830503,32.69197045,134.6239983,0.0,0.0,-0.01,0.0,0.0,-0.01,0.0,22.51198396,18.72206172,0.0,0.0,96.0,5,470
471,0.0,0.0,76.88830503,0.0,0.0,76.88830503,32.69197045,134.6239983,0.0,0.0,-0.01,0.0,0.0,-0.01,0.0,22.51198396,0.0,18.15163112,0.0,94.25,5,471
473,0.0,0.0,76.88830503,0.0,0.0,76.88830503,32.69197045,170.1226604,0.0,0.0,-0.01,0.0,0.0,-0.01,0.0,22.51198396,0.0,18.15163112,0.0,98.0,9,473
474,0.0,0.0,76.88830503,0.0,0.0,76.88830503,32.69197045,160.7102105,0.0,0.0,-0.01,0.0,0.0,-0.01,0.0,22.51198396,0.0,18.15163112,0.0,97.5,8,474
476,0.0,0.0,76.88830503,0.0,0.0,76.88830503,32.69197045,151.9199836,0.0,0.0,-0.01,0.0,0.0,-0.01,0.0,20.06761165,26.22872177,0.0,0.0,99.5,8,476
477,0.0,0.0,76.88830503,0.0,0.0,76.88830503,32.69197045,149.8350664,0.0,0.0,-0.01,0.0,0.0,-0.01,0.0,20.06761165,26.22872177,0.0,0.0,99.5,1,477
479,0.0,0.0,76.88830503,0.0,0.0,76.88830503,32.69197045,140.6915573,0.0,0.0,-0.01,0.0,0.0,-0.01,0.0,20.06761165,26.22872177,0.0,0.0,99.0,1,479
480,0.0,0.0,76.88830503,0.0,0.0,76.88830503,32.69197045,157.1439785,0.0,0.0,-0.01,0.0,0.0,-0.01,0.0,20.06761165,26.22872177,0.0,0.0,98.0,6,480
481,0.0,0.0,76.88830503,0.0,0.0,76.88830503,32.69197045,186.7964227,0.0,0.0,-0.01,0.0,0.0,-0.01,0.0,20.06761165,26.22872177,0.0,0.0,98.75,0,481
482,0.0,0.0,76.88830503,0.0,0.0,76.88830503,32.69197045,175.2785624,0.0,0.0,-0.01,0.0,0.0,-0.01,0.0,20.06761165,26.22872177,0.0,0.0,99.0,2,482
483,0.0,0.0,76.88830503,0.0,0.0,76.88830503,32.69197045,186.7964227,0.0,0.0,-0.01,0.0,0.0,-0.01,0.0,17.55114835,26.22872177,0.0,0.0,99.0,2,483
484,0.0,0.0,76.88830503,0.0,0.0,76.88830503,32.69197045,121.1775113,0.0,0.0,-0.01,0.0,0.0,-0.01,0.0,20.06761165,26.22872177,0.0,0.0,99.0,9,484
485,0.0,0.0,76.88830503,0.0,0.0,76.88830503,32.69197045,134.6239983,0.0,0.0,-0.01,0.0,0.0,-0.01,0.0,18.25910483,38.87019992,0.0,0.0,97.5,1,485
486,0.0,0.0,76.88830503,0.0,0.0,76.88830503,32.69197045,134.6239983,0.0,0.0,-0.01,0.0,0.0,-0.01,0.0,17.93806496,0.0,17.16241953,0.0,78.5,2,486
487,0.0,0.0,76.88830503,0.0,0.0,76.88830503,32.69197045,151.9199836,0.0,0.0,-0.01,0.0,0.0,-0.01,0.0,17.93806496,0.0,19.22207626,13.6490287,98.5,2,487
488,0.0,0.0,76.88830503,0.0,0.0,76.88830503,32.69197045,153.9076176,0.0,0.0,-0.01,0.0,0.0,-0.01,0.0,17.93806496,0.0,19.22207626,13.6490287,98.0,1,488
490,0.0,0.0,76.88830503,0.0,0.0,76.88830503,32.69197045,134.6239983,0.0,0.0,-0.01,0.0,0.0,-0.01,0.0,17.93806496,0.0,20.59490344,13.6490287,99.0,5,490
491,0.0,0.0,76.88830503,0.0,0.0,76.88830503,32.69197045,134.6239983,0.0,0.0,-0.01,0.0,0.0,-0.01,0.0,17.93806496,0.0,17.16241953,13.6490287,93.75,6,491
492,0.0,0.0,76.88830503,0.0,0.0,76.88830503,32.69197045,151.9199836,0.0,0.0,-0.01,0.0,0.0,-0.01,0.0,17.93806496,0.0,17.16241953,13.6490287,98.25,2,492
493,0.0,0.0,76.88830503,0.0,0.0,76.88830503,32.69197045,153.9076176,0.0,0.0,-0.01,0.0,0.0,-0.01,0.0,17.93806496,0.0,17.16241953,13.6490287,99.0,1,493
494,0.0,0.0,76.88830503,0.0,0.0,76.88830503,32.69197045,153.9076176,0.0,0.0,-0.01,0.0,0.0,-0.01,0.0,17.93806496,0.0,18.41987461,13.6490287,98.0,7,494
496,0.0,0.0,76.88830503,0.0,0.0,76.88830503,32.69197045,134.6239983,0.0,0.0,-0.01,0.0,0.0,-0.01,0.0,17.93806496,0.0,23.54607256,13.6490287,98.0,8,496
498,0.0,0.0,76.88830503,0.0,0.0,76.88830503,32.69197045,134.6239983,0.0,0.0,-0.01,0.0,0.0,-0.01,0.0,17.93806496,0.0,24.11007225,13.6490287,99.0,1,498
499,0.0,0.0,76.88830503,0.0,0.0,76.88830503,32.69197045,134.6239983,0.0,0.0,-0.01,0.0,0.0,-0.01,0.0,17.93806496,0.0,19.59047818,13.6490287,99.0,2,499
501,0.0,0.0,76.88830503,0.0,0.0,76.88830503,32.69197045,134.6239983,0.0,0.0,-0.01,0.0,0.0,-0.01,0.0,30.08645996,13.86399135,0.0,0.0,99.5,8,501
502,0.0,0.0,76.88830503,0.0,0.0,76.88830503,32.69197045,151.9199836,0.0,0.0,-0.01,0.0,0.0,-0.01,0.0,30.08645996,13.86399135,0.0,0.0,99.0,6,502
503,0.0,0.0,76.88830503,0.0,0.0,76.88830503,32.69197045,149.8350664,0.0,0.0,-0.01,0.0,0.0,-0.01,0.0,30.08645996,13.86399135,0.0,0.0,98.0,5,503
504,0.0,0.0,76.88830503,0.0,0.0,76.88830503,32.69197045,160.7102105,0.0,0.0,-0.01,0.0,0.0,-0.01,0.0,30.08645996,13.86399135,0.0,0.0,98.5,9,504
505,0.0,0.0,76.88830503,0.0,0.0,76.88830503,32.69197045,140.6915573,0.0,0.0,-0.01,0.0,0.0,-0.01,0.0,30.08645996,13.86399135,0.0,0.0,99.5,7,505
506,0.0,0.0,76.88830503,0.0,0.0,76.88830503,32.69197045,153.9076176,0.0,0.0,-0.01,0.0,0.0,-0.01,0.0,30.08645996,13.86399135,0.0,0.0,99.0,5,506
507,0.0,0.0,76.88830503,0.0,0.0,76.88830503,32.69197045,175.2785624,0.0,0.0,-0.01,0.0,0.0,-0.01,0.0,30.08645996,13.86399135,0.0,0.0,98.5,9,507
508,0.0,0.0,76.88830503,0.0,0.0,76.88830503,32.69197045,134.6239983,0.0,0.0,-0.01,0.0,0.0,-0.01,0.0,25.82562149,13.86399135,0.0,0.0,99.5,9,508
509,0.0,0.0,76.88830503,0.0,0.0,76.88830503,32.69197045,134.6239983,0.0,0.0,-0.01,0.0,0.0,-0.01,0.0,28.54319701,13.86399135,0.0,0.0,99.5,7,509
510,0.0,0.0,76.88830503,0.0,0.0,76.88830503,32.69197045,134.6239983,0.0,0.0,-0.01,0.0,0.0,-0.01,0.0,18.37582915,13.86399135,0.0,0.0,84.5,8,510
514,0.0,0.0,94.18429025,0.0,0.0,94.18429025,32.69197045,134.6239983,0.0,0.0,-0.09,0.0,0.0,-0.09,0.0,22.51198396,0.0,47.85432862,0.0,99.5,5,514
515,0.0,0.0,94.18429025,0.0,0.0,94.18429025,32.69197045,134.6239983,0.0,0.0,-0.09,0.0,0.0,-0.09,0.0,22.51198396,0.0,29.3978241,0.0,99.5,8,515
517,0.0,0.0,94.18429025,0.0,0.0,94.18429025,32.69197045,149.8350664,0.0,0.0,-0.09,0.0,0.0,-0.09,0.0,22.51198396,0.0,29.3978241,0.0,97.5,0,517
519,0.0,0.0,94.18429025,0.0,0.0,94.18429025,32.69197045,160.7102105,0.0,0.0,-0.09,0.0,0.0,-0.09,0.0,22.51198396,0.0,29.3978241,0.0,98.0,9,519
520,0.0,0.0,94.18429025,0.0,0.0,94.18429025,32.69197045,175.2785624,0.0,0.0,-0.09,0.0,0.0,-0.09,0.0,22.51198396,0.0,29.3978241,0.0,96.5,2,520
521,0.0,0.0,94.18429025,0.0,0.0,94.18429025,32.69197045,134.6239983,0.0,0.0,-0.09,0.0,0.0,-0.09,0.0,22.51198396,0.0,51.52346023,0.0,98.5,8,521
522,0.0,0.0,94.18429025,0.0,0.0,94.18429025,32.69197045,134.6239983,0.0,0.0,-0.09,0.0,0.0,-0.09,0.0,20.77331772,0.0,29.3978241,0.0,99.0,2,522
523,0.0,0.0,94.18429025,0.0,0.0,94.18429025,32.69197045,134.6239983,0.0,0.0,-0.09,0.0,0.0,-0.09,0.0,22.51198396,21.5742147,0.0,0.0,93.0,9,523
524,0.0,0.0,94.18429025,0.0,0.0,94.18429025,32.69197045,152.7447171,0.0,0.0,-0.09,0.0,0.0,-0.09,0.0,20.06761165,0.0,29.3978241,0.0,95.8,7,524
525,0.0,0.0,94.18429025,0.0,0.0,94.18429025,32.69197045,134.6239983,0.0,0.0,-0.09,0.0,0.0,-0.09,0.0,20.06761165,26.22872177,0.0,0.0,93.5,7,525
526,0.0,0.0,94.18429025,0.0,0.0,94.18429025,32.69197045,134.6239983,0.0,0.0,-0.09,0.0,0.0,-0.09,0.0,17.77754503,0.0,29.3978241,0.0,97.5,1,526
527,0.0,0.0,94.18429025,0.0,0.0,94.18429025,32.69197045,134.6239983,0.0,0.0,-0.09,0.0,0.0,-0.09,0.0,18.25910483,38.87019992,0.0,0.0,82.5,6,527
528,0.0,0.0,94.18429025,0.0,0.0,94.18429025,32.69197045,134.6239983,0.0,0.0,-0.09,0.0,0.0,-0.09,0.0,30.08645996,13.86399135,0.0,0.0,96.0,0,528
529,94.18429025,0.0,0.0,94.18429025,0.0,0.0,32.69197045,134.6239983,-0.09,0.0,0.0,-0.09,-0.09,0.0,0.0,20.52673517,0.0,21.5742147,0.0,5.0,7,529
530,94.18429025,0.0,0.0,94.18429025,0.0,0.0,32.69197045,151.9199836,-0.09,0.0,0.0,-0.09,-0.09,0.0,0.0,20.52673517,0.0,21.5742147,0.0,5.5,1,530
531,94.18429025,0.0,0.0,94.18429025,0.0,0.0,32.69197045,160.7102105,-0.09,0.0,0.0,-0.09,-0.09,0.0,0.0,20.52673517,0.0,21.5742147,0.0,6.5,8,531
532,94.18429025,0.0,0.0,94.18429025,0.0,0.0,32.69197045,169.2159688,-0.09,0.0,0.0,-0.09,-0.09,0.0,0.0,20.52673517,0.0,21.5742147,0.0,4.0,1,532
533,94.18429025,0.0,0.0,94.18429025,0.0,0.0,32.69197045,175.2785624,-0.09,0.0,0.0,-0.09,-0.09,0.0,0.0,20.52673517,0.0,21.5742147,0.0,5.5,0,533
534,94.18429025,0.0,0.0,94.18429025,0.0,0.0,32.69197045,134.6239983,-0.09,0.0,0.0,-0.09,-0.09,0.0,0.0,19.84482684,0.0,21.5742147,0.0,7.5,0,534
538,94.18429025,0.0,0.0,94.18429025,0.0,0.0,32.69197045,134.6239983,-0.09,0.0,0.0,-0.09,-0.09,0.0,0.0,20.52673517,0.0,17.16241953,0.0,10.0,1,538
540,0.0,21.5742147,76.88830503,0.0,21.5742147,76.88830503,32.69197045,134.6239983,0.0,-0.17,-0.01,0.0,-0.17,-0.01,0.0,20.77331772,0.0,21.5742147,0.0,83.5,5,540
541,0.0,21.5742147,76.88830503,0.0,21.5742147,76.88830503,32.69197045,134.6239983,0.0,-0.17,-0.01,0.0,-0.17,-0.01,0.0,22.51198396,0.0,18.15163112,0.0,76.0,5,541
542,0.0,21.5742147,76.88830503,0.0,21.5742147,76.88830503,32.69197045,134.6239983,0.0,-0.17,-0.01,0.0,-0.17,-0.01,0.0,18.25910483,21.5742147,0.0,0.0,99.0,1,542
544,0.0,21.5742147,76.88830503,0.0,21.5742147,76.88830503,32.69197045,134.6239983,0.0,-0.17,-0.01,0.0,-0.17,-0.01,0.0,18.37582915,13.86399135,0.0,0.0,97.5,7,544
545,0.0,21.5742147,76.88830503,0.0,21.5742147,76.88830503,32.69197045,170.1226604,0.0,-0.17,-0.01,0.0,-0.17,-0.01,0.0,18.37582915,13.86399135,0.0,0.0,99.5,2,545
546,0.0,21.5742147,76.88830503,0.0,21.5742147,76.88830503,32.69197045,160.7102105,0.0,-0.17,-0.01,0.0,-0.17,-0.01,0.0,18.37582915,13.86399135,0.0,0.0,99.5,8,546
547,0.0,21.5742147,76.88830503,0.0,21.5742147,76.88830503,32.69197045,201.3647746,0.0,-0.17,-0.01,0.0,-0.17,-0.01,0.0,18.37582915,13.86399135,0.0,0.0,99.5,5,547
548,0.0,21.5742147,102.9745172,0.0,21.5742147,102.9745172,32.69197045,134.6239983,0.0,-0.17,0.0,0.0,-0.17,0.0,0.0,18.25910483,23.54607256,0.0,0.0,99.0,9,548
549,0.0,21.5742147,147.8856292,0.0,21.5742147,147.8856292,32.69197045,134.6239983,0.0,-0.17,0.0,0.0,-0.17,0.0,0.0,22.51198396,21.5742147,0.0,0.0,98.0,2,549
550,0.0,21.5742147,147.8856292,0.0,21.5742147,147.8856292,32.69197045,134.6239983,0.0,-0.17,0.0,0.0,-0.17,0.0,0.0,20.77331772,0.0,21.5742147,0.0,97.5,1,550
552,0.0,21.5742147,147.8856292,0.0,21.5742147,147.8856292,32.69197045,134.6239983,0.0,-0.17,0.0,0.0,-0.17,0.0,0.0,22.51198396,0.0,18.15163112,0.0,98.5,0,552
553,0.0,21.5742147,147.8856292,0.0,21.5742147,147.8856292,32.69197045,134.6239983,0.0,-0.17,0.0,0.0,-0.17,0.0,0.0,18.25910483,21.5742147,0.0,0.0,96.0,1,553
554,0.0,21.5742147,155.1469416,0.0,21.5742147,155.1469416,32.69197045,134.6239983,0.0,0.0,0.0,0.0,-0.17,0.0,0.0,22.51198396,0.0,18.15163112,0.0,74.5,1,554
555,0.0,0.0,64.9564121,0.0,0.0,0.0,20.25598522,134.6239983,0.0,0.0,-0.17,0.0,0.0,0.0,0.0,22.51198396,19.43509996,0.0,0.0,99.0,0,555
556,0.0,30.36444165,76.88830503,0.0,30.36444165,76.88830503,32.69197045,134.6239983,0.0,0.0,-0.01,0.0,0.0,-0.01,0.0,22.51198396,0.0,18.15163112,0.0,83.5,6,556
558,0.0,53.81419488,76.88830503,0.0,53.81419488,76.88830503,32.69197045,134.6239983,0.0,0.45,-0.01,0.0,0.45,-0.01,0.0,22.51198396,0.0,18.15163112,0.0,87.25,2,558
559,0.0,53.81419488,94.18429025,0.0,53.81419488,94.18429025,32.69197045,134.6239983,0.0,0.45,-0.01,0.0,0.45,-0.01,0.0,22.51198396,0.0,18.15163112,0.0,86.5,6,559
560,0.0,53.81419488,112.3869671,0.0,53.81419488,112.3869671,32.69197045,134.6239983,0.0,0.45,0.0,0.0,0.45,0.0,0.0,22.51198396,0.0,18.15163112,0.0,92.375,0,560
561,0.0,53.81419488,102.9745172,0.0,53.81419488,102.9745172,32.69197045,134.6239983,0.0,0.45,0.0,0.0,0.45,0.0,0.0,22.51198396,0.0,18.15163112,0.0,87.5,2,561
562,0.0,53.81419488,111.4802755,0.0,53.81419488,111.4802755,32.69197045,134.6239983,0.0,0.45,-0.09,0.0,0.45,-0.09,0.0,22.51198396,0.0,18.15163112,0.0,85.25,5,562
563,0.0,53.81419488,147.8856292,0.0,53.81419488,147.8856292,32.69197045,134.6239983,0.0,0.45,0.0,0.0,0.45,0.0,0.0,22.51198396,0.0,18.15163112,0.0,93.75,9,563
564,0.0,53.81419488,155.1469416,0.0,53.81419488,155.1469416,32.69197045,134.6239983,0.0,0.45,0.0,0.0,0.45,0.0,0.0,22.51198396,0.0,18.15163112,0.0,86.0,0,564
565,0.0,0.0,82.25239732,0.0,0.0,0.0,20.25598522,134.6239983,0.0,0.0,0.0,0.0,0.0,0.0,0.0,22.51198396,19.43509996,0.0,0.0,98.0,9,565
567,0.0,0.0,64.9564121,0.0,0.0,0.0,32.69197045,134.6239983,0.0,0.0,-0.14,0.0,0.0,0.0,0.0,22.51198396,19.43509996,0.0,0.0,97.5,8,567
569,0.0,0.0,168.7323234,0.0,0.0,0.0,32.69197045,134.6239983,0.0,0.0,0.0,0.0,0.0,0.0,0.0,22.51198396,19.43509996,0.0,0.0,98.0,5,569
570,0.0,0.0,0.0,94.18429025,21.5742147,0.0,76.07416785,134.6239983,0.0,0.0,0.0,-0.03,-0.17,0.0,-0.27,18.25910483,21.5742147,0.0,0.0,5.0,8,570
571,0.0,0.0,0.0,146.0722459,21.5742147,0.0,76.07416785,134.6239983,0.0,0.0,0.0,0.0,-0.17,0.0,-0.27,18.25910483,21.5742147,0.0,0.0,8.5,8,571
572,0.0,0.0,0.0,146.0722459,21.5742147,0.0,76.07416785,234.8336777,0.0,0.0,0.0,0.0,-0.17,0.0,-0.27,20.21646842,0.0,18.72206172,0.0,85.0,7,572
573,0.0,0.0,180.948685,0.0,0.0,0.0,20.25598522,134.6239983,0.0,0.0,0.0,0.0,0.0,0.0,0.0,22.51198396,21.5742147,0.0,0.0,98.5,5,573
574,0.0,21.5742147,76.88830503,0.0,21.5742147,76.88830503,32.69197045,134.6239983,0.0,-0.17,-0.01,0.0,-0.17,-0.01,0.0,22.51198396,19.43509996,0.0,0.0,99.5,8,574
576,0.0,0.0,180.948685,0.0,0.0,0.0,20.25598522,134.6239983,0.0,0.0,0.0,0.0,0.0,0.0,0.0,22.51198396,18.72206172,0.0,0.0,97.0,9,576
577,0.0,0.0,180.948685,0.0,0.0,0.0,20.25598522,134.6239983,0.0,0.0,0.0,0.0,0.0,0.0,0.0,22.51198396,0.0,18.15163112,0.0,93.0,7,577
578,0.0,21.5742147,76.88830503,0.0,0.0,76.88830503,54.84795567,134.6239983,0.0,-0.17,-0.01,0.0,0.0,-0.01,-0.17,22.51198396,19.43509996,0.0,0.0,95.5,2,578
579,0.0,0.0,0.0,102.9745172,21.5742147,0.0,76.07416785,134.6239983,0.0,0.0,0.0,-0.08,-0.17,0.0,-0.27,18.25910483,21.5742147,0.0,0.0,6.5,7,579
580,0.0,21.5742147,102.8290606,0.0,0.0,102.8290606,54.84795567,134.6239983,0.0,-0.17,0.26,0.0,0.0,0.26,-0.17,22.51198396,19.43509996,0.0,0.0,96.77777778,5,580
581,0.0,0.0,0.0,111.4802755,21.5742147,0.0,76.07416785,160.7102105,0.0,0.0,0.0,0.0,-0.17,0.0,-0.27,22.51198396,21.5742147,0.0,0.0,2.0,2,581
582,0.0,0.0,0.0,111.4802755,21.5742147,0.0,76.07416785,134.6239983,0.0,0.0,0.0,0.0,-0.17,0.0,-0.27,22.51198396,18.72206172,0.0,0.0,3.5,5,582
583,0.0,0.0,0.0,111.4802755,21.5742147,0.0,76.07416785,134.6239983,0.0,0.0,0.0,0.0,-0.17,0.0,-0.27,18.25910483,21.5742147,0.0,0.0,7.5,7,583
584,0.0,0.0,0.0,111.4802755,21.5742147,0.0,76.07416785,134.6239983,0.0,0.0,0.0,0.0,-0.17,0.0,-0.27,26.97717105,0.0,18.72206172,0.0,5.0,7,584
585,0.0,0.0,0.0,129.0607294,21.5742147,0.0,76.07416785,134.6239983,0.0,0.0,0.0,0.0,-0.17,0.0,-0.27,18.25910483,38.87019992,0.0,0.0,1.5,8,585
586,0.0,0.0,0.0,129.0607294,21.5742147,0.0,76.07416785,160.7102105,0.0,0.0,0.0,0.0,-0.17,0.0,-0.27,18.25910483,38.87019992,0.0,0.0,14.5,2,586
587,0.0,0.0,0.0,129.0607294,21.5742147,0.0,76.07416785,175.2785624,0.0,0.0,0.0,0.0,-0.17,0.0,-0.27,18.25910483,38.87019992,0.0,0.0,7.0,2,587
588,36.23374097,0.0,0.0,36.23374097,0.0,0.0,20.25598522,134.6239983,-0.16,0.0,0.0,-0.16,0.0,0.0,0.0,22.51198396,21.5742147,0.0,0.0,5.0,8,588
590,0.0,0.0,149.7828493,0.0,0.0,21.5742147,84.57992612,134.6239983,0.0,0.0,0.44,0.0,0.0,-0.17,-0.15,22.51198396,19.43509996,0.0,0.0,90.0,5,590
591,0.0,0.0,36.23374097,0.0,21.5742147,73.46217037,76.07416785,160.7102105,0.0,0.0,0.07,0.0,-0.17,-0.12,-0.27,22.51198396,0.0,19.22207626,0.0,5.0,8,591
592,0.0,0.0,36.23374097,0.0,21.5742147,73.46217037,76.07416785,166.5795098,0.0,0.0,0.07,0.0,-0.17,-0.12,-0.27,22.51198396,0.0,21.5742147,0.0,5.5,0,592
593,0.0,0.0,36.23374097,0.0,21.5742147,73.46217037,76.07416785,134.6239983,0.0,0.0,0.07,0.0,-0.17,-0.12,-0.27,17.93806496,0.0,21.5742147,0.0,6.0,9,593
594,0.0,0.0,36.23374097,0.0,21.5742147,73.46217037,76.07416785,134.6239983,0.0,0.0,0.07,0.0,-0.17,-0.12,-0.27,18.25910483,21.5742147,0.0,0.0,4.5,0,594
595,0.0,0.0,94.18429025,0.0,21.5742147,73.46217037,76.07416785,134.6239983,0.0,0.0,-0.09,0.0,-0.17,-0.12,-0.27,22.51198396,0.0,18.15163112,0.0,95.5,1,595
596,0.0,0.0,94.18429025,0.0,21.5742147,73.46217037,76.07416785,134.6239983,0.0,0.0,-0.09,0.0,-0.17,-0.12,-0.27,18.25910483,23.54607256,0.0,0.0,99.0,0,596
597,0.0,0.0,36.23374097,0.0,21.5742147,73.46217037,76.07416785,156.8595098,0.0,0.0,0.07,0.0,-0.17,-0.12,-0.27,22.51198396,19.43509996,0.0,0.0,2.0,9,597
600,36.23374097,0.0,0.0,73.46217037,21.5742147,0.0,76.07416785,134.6239983,0.07,0.0,0.0,-0.12,-0.17,0.0,-0.27,22.51198396,21.5742147,0.0,0.0,97.0,9,600
602,0.0,0.0,0.0,111.4802755,21.5742147,0.0,76.07416785,170.1226604,0.0,0.0,0.0,0.0,-0.17,0.0,-0.27,22.51198396,19.43509996,0.0,0.0,1.0,0,602
603,36.23374097,0.0,0.0,73.46217037,21.5742147,0.0,76.07416785,134.6239983,0.07,0.0,0.0,-0.12,-0.17,0.0,-0.27,22.51198396,18.72206172,0.0,0.0,97.5,8,603
605,36.23374097,0.0,0.0,73.46217037,21.5742147,0.0,76.07416785,160.7102105,0.07,0.0,0.0,-0.12,-0.17,0.0,-0.27,27.7279827,0.0,19.22207626,0.0,8.5,7,605
606,36.23374097,0.0,0.0,73.46217037,21.5742147,0.0,76.07416785,257.9989622,0.07,0.0,0.0,-0.12,-0.17,0.0,-0.27,18.25910483,21.5742147,0.0,0.0,10.0,1,606
607,73.46217037,0.0,0.0,73.46217037,0.0,0.0,20.25598522,134.6239983,-0.12,0.0,0.0,-0.12,0.0,0.0,0.0,22.51198396,21.5742147,0.0,0.0,5.5,1,607
608,0.0,0.0,64.9564121,0.0,0.0,21.5742147,84.57992612,170.1226604,0.0,0.0,0.0,0.0,0.0,-0.17,-0.15,22.51198396,19.43509996,0.0,0.0,99.6,8,608
610,94.18429025,0.0,0.0,73.46217037,21.5742147,0.0,76.07416785,184.1599637,-0.09,0.0,0.0,-0.12,-0.17,0.0,-0.27,27.7279827,0.0,19.22207626,0.0,5.5,9,610
611,94.18429025,0.0,0.0,73.46217037,21.5742147,0.0,76.07416785,170.1226604,-0.09,0.0,0.0,-0.12,-0.17,0.0,-0.27,27.7279827,0.0,19.22207626,0.0,4.5,0,611
613,94.18429025,0.0,0.0,73.46217037,21.5742147,0.0,76.07416785,140.6915573,-0.09,0.0,0.0,-0.12,-0.17,0.0,-0.27,27.7279827,0.0,19.22207626,0.0,3.5,5,613
614,94.18429025,0.0,0.0,73.46217037,21.5742147,0.0,76.07416785,134.6239983,-0.09,0.0,0.0,-0.12,-0.17,0.0,-0.27,27.7279827,0.0,25.7436293,0.0,4.5,6,614
615,94.18429025,0.0,0.0,73.46217037,21.5742147,0.0,76.07416785,175.3697368,-0.09,0.0,0.0,-0.12,-0.17,0.0,-0.27,27.7279827,0.0,17.16241953,0.0,3.5,2,615
616,94.18429025,0.0,0.0,73.46217037,21.5742147,0.0,76.07416785,134.6239983,-0.09,0.0,0.0,-0.12,-0.17,0.0,-0.27,27.7279827,0.0,16.5911728,0.0,4.5,6,616
617,94.18429025,0.0,0.0,73.46217037,21.5742147,0.0,76.07416785,134.6239983,-0.09,0.0,0.0,-0.12,-0.17,0.0,-0.27,27.7279827,0.0,24.11007225,0.0,5.0,0,617
619,94.18429025,0.0,0.0,73.46217037,21.5742147,0.0,76.07416785,160.7102105,-0.09,0.0,0.0,-0.12,-0.17,0.0,-0.27,26.42553764,0.0,17.90767349,0.0,4.0,1,619
620,94.18429025,0.0,0.0,73.46217037,21.5742147,0.0,76.07416785,175.3697368,-0.09,0.0,0.0,-0.12,-0.17,0.0,-0.27,26.42553764,0.0,21.14727267,0.0,5.0,1,620
621,94.18429025,0.0,0.0,73.46217037,21.5742147,0.0,76.07416785,175.3697368,-0.09,0.0,0.0,-0.12,-0.17,0.0,-0.27,26.42553764,0.0,17.6472701,0.0,3.5,9,621
622,94.18429025,0.0,0.0,73.46217037,21.5742147,0.0,76.07416785,170.1226604,-0.09,0.0,0.0,-0.12,-0.17,0.0,-0.27,26.42553764,0.0,19.22207626,0.0,4.0,5,622
623,94.18429025,0.0,0.0,73.46217037,21.5742147,0.0,76.07416785,175.3697368,-0.09,0.0,0.0,-0.12,-0.17,0.0,-0.27,26.42553764,0.0,19.22207626,0.0,4.0,1,623
624,94.18429025,0.0,0.0,73.46217037,21.5742147,0.0,76.07416785,160.7102105,-0.09,0.0,0.0,-0.12,-0.17,0.0,-0.27,26.42553764,0.0,19.22207626,0.0,3.75,2,624
625,94.18429025,0.0,0.0,73.46217037,21.5742147,0.0,76.07416785,134.6239983,-0.09,0.0,0.0,-0.12,-0.17,0.0,-0.27,26.42553764,0.0,25.70726514,0.0,4.0,8,625
626,94.18429025,0.0,0.0,73.46217037,21.5742147,0.0,76.07416785,160.7102105,-0.09,0.0,0.0,-0.12,-0.17,0.0,-0.27,26.42553764,0.0,25.70726514,0.0,4.0,1,626
627,94.18429025,0.0,0.0,73.46217037,21.5742147,0.0,76.07416785,134.6239983,-0.09,0.0,0.0,-0.12,-0.17,0.0,-0.27,26.42553764,0.0,20.73896599,0.0,3.0,0,627
628,94.18429025,0.0,0.0,73.46217037,21.5742147,0.0,76.07416785,160.7102105,-0.09,0.0,0.0,-0.12,-0.17,0.0,-0.27,26.42553764,0.0,20.73896599,0.0,3.5,9,628
629,94.18429025,0.0,0.0,73.46217037,21.5742147,0.0,76.07416785,134.6239983,-0.09,0.0,0.0,-0.12,-0.17,0.0,-0.27,26.42553764,0.0,17.16241953,0.0,4.5,5,629
630,36.23374097,0.0,0.0,76.88830503,21.5742147,0.0,76.07416785,160.7102105,-0.16,0.0,0.0,-0.01,-0.17,0.0,-0.27,27.7279827,0.0,19.22207626,0.0,26.0,5,630
631,36.23374097,0.0,0.0,76.88830503,21.5742147,0.0,76.07416785,160.7102105,-0.16,0.0,0.0,-0.01,-0.17,0.0,-0.27,17.77754503,0.0,19.22207626,0.0,40.5,5,631
632,36.23374097,0.0,0.0,76.88830503,21.5742147,0.0,76.07416785,160.7102105,-0.16,0.0,0.0,-0.01,-0.17,0.0,-0.27,18.06061006,0.0,19.22207626,0.0,4.5,1,632
633,94.18429025,0.0,0.0,76.88830503,21.5742147,0.0,76.07416785,160.7102105,-0.09,0.0,0.0,-0.01,-0.17,0.0,-0.27,27.7279827,0.0,19.22207626,0.0,20.0,0,633
634,0.0,0.0,94.18429025,0.0,0.0,94.18429025,20.25598522,170.1226604,0.0,0.0,-0.09,0.0,0.0,-0.09,0.0,22.51198396,19.43509996,0.0,0.0,99.5,7,634
635,0.0,0.0,64.9564121,0.0,0.0,21.5742147,84.57992612,134.6239983,0.0,0.0,0.0,0.0,0.0,-0.17,-0.15,22.51198396,0.0,29.3978241,0.0,99.7,2,635
636,0.0,0.0,64.9564121,0.0,0.0,21.5742147,84.57992612,134.6239983,0.0,0.0,0.0,0.0,0.0,-0.17,-0.15,22.51198396,21.5742147,0.0,0.0,87.0,6,636
637,0.0,0.0,0.0,111.4802755,21.5742147,0.0,76.07416785,160.7102105,0.0,0.0,0.0,0.0,-0.17,0.0,-0.27,22.51198396,19.43509996,0.0,0.0,1.75,0,637
639,0.0,0.0,64.9564121,0.0,0.0,21.5742147,84.57992612,160.7102105,0.0,0.0,0.0,0.0,0.0,-0.17,-0.15,22.51198396,19.43509996,0.0,0.0,99.1,5,639
642,0.0,21.5742147,102.8290606,0.0,0.0,102.8290606,54.84795567,170.1226604,0.0,-0.17,0.26,0.0,0.0,0.26,-0.17,22.51198396,19.43509996,0.0,0.0,98.0,6,642
643,0.0,0.0,94.18429025,0.0,0.0,94.18429025,20.25598522,426.2905738,0.0,0.0,-0.09,0.0,0.0,-0.09,0.0,22.51198396,19.43509996,0.0,0.0,98.5,8,643
644,0.0,0.0,94.18429025,0.0,0.0,94.18429025,20.25598522,393.6651414,0.0,0.0,-0.09,0.0,0.0,-0.09,0.0,22.51198396,19.43509996,0.0,0.0,96.5,6,644
645,0.0,0.0,94.18429025,0.0,0.0,94.18429025,20.25598522,399.919893,0.0,0.0,-0.09,0.0,0.0,-0.09,0.0,22.51198396,19.43509996,0.0,0.0,98.0,1,645
646,0.0,0.0,64.9564121,0.0,0.0,21.5742147,84.57992612,203.8079392,0.0,0.0,0.0,0.0,0.0,-0.17,-0.15,22.51198396,19.43509996,0.0,0.0,98.5,7,646
649,0.0,0.0,64.9564121,0.0,0.0,21.5742147,84.57992612,134.6239983,0.0,0.0,0.0,0.0,0.0,-0.17,-0.15,22.51198396,18.72206172,0.0,0.0,99.0,0,649
650,0.0,0.0,64.9564121,0.0,0.0,21.5742147,84.57992612,134.6239983,0.0,0.0,0.0,0.0,0.0,-0.17,-0.15,22.51198396,0.0,18.15163112,0.0,2.5,2,650
651,0.0,0.0,64.9564121,0.0,0.0,21.5742147,84.57992612,134.6239983,0.0,0.0,0.0,0.0,0.0,-0.17,-0.15,20.06761165,0.0,21.5742147,0.0,4.0,1,651
652,0.0,0.0,64.9564121,0.0,0.0,21.5742147,84.57992612,134.6239983,0.0,0.0,0.0,0.0,0.0,-0.17,-0.15,20.06761165,0.0,18.72206172,0.0,3.0,6,652
653,0.0,0.0,64.9564121,0.0,0.0,21.5742147,84.57992612,140.6915573,0.0,0.0,0.0,0.0,0.0,-0.17,-0.15,22.51198396,19.43509996,0.0,0.0,99.0,6,653
654,0.0,0.0,94.18429025,0.0,0.0,94.18429025,20.25598522,366.2346142,0.0,0.0,-0.09,0.0,0.0,-0.09,0.0,22.51198396,19.43509996,0.0,0.0,98.5,7,654
655,0.0,0.0,0.0,111.4802755,21.5742147,0.0,76.07416785,149.8350664,0.0,0.0,0.0,0.0,-0.17,0.0,-0.27,22.51198396,19.43509996,0.0,0.0,3.5,0,655
656,0.0,0.0,64.9564121,0.0,0.0,21.5742147,84.57992612,169.2159688,0.0,0.0,0.0,0.0,0.0,-0.17,-0.15,22.51198396,19.43509996,0.0,0.0,98.5,7,656
657,0.0,0.0,0.0,111.4802755,21.5742147,0.0,76.07416785,175.2785624,0.0,0.0,0.0,0.0,-0.17,0.0,-0.27,22.51198396,19.43509996,0.0,0.0,12.5,1,657
658,0.0,0.0,64.9564121,0.0,0.0,21.5742147,84.57992612,175.2785624,0.0,0.0,0.0,0.0,0.0,-0.17,-0.15,22.51198396,19.43509996,0.0,0.0,97.5,2,658
659,0.0,0.0,94.18429025,0.0,0.0,94.18429025,20.25598522,469.9956295,0.0,0.0,-0.09,0.0,0.0,-0.09,0.0,22.51198396,19.43509996,0.0,0.0,98.0,9,659
660,95.69768187,0.0,0.0,95.69768187,0.0,0.0,20.25598522,134.6239983,-0.15,0.0,0.0,-0.15,0.0,0.0,0.0,22.51198396,21.5742147,0.0,0.0,9.0,6,660
661,0.0,0.0,168.7323234,0.0,0.0,0.0,32.69197045,163.1533752,0.0,0.0,0.0,0.0,0.0,0.0,0.0,22.51198396,19.43509996,0.0,0.0,96.0,5,661
662,0.0,0.0,149.7828493,0.0,0.0,21.5742147,84.57992612,234.8336777,0.0,0.0,0.44,0.0,0.0,-0.17,-0.15,20.21646842,0.0,18.72206172,0.0,95.0,7,662
663,0.0,0.0,149.7828493,0.0,0.0,21.5742147,84.57992612,134.6239983,0.0,0.0,0.44,0.0,0.0,-0.17,-0.15,20.77331772,0.0,21.5742147,0.0,2.0,2,663
664,0.0,0.0,94.18429025,0.0,0.0,94.18429025,20.25598522,180.4493604,0.0,0.0,-0.09,0.0,0.0,-0.09,0.0,22.51198396,19.43509996,0.0,0.0,98.0,6,664
665,0.0,0.0,64.9564121,0.0,0.0,21.5742147,84.57992612,180.4493604,0.0,0.0,0.0,0.0,0.0,-0.17,-0.15,22.51198396,19.43509996,0.0,0.0,99.7,1,665
666,0.0,0.0,142.5006546,0.0,0.0,21.5742147,84.57992612,134.6239983,0.0,0.0,0.36,0.0,0.0,-0.17,-0.15,17.13817676,0.0,18.58004591,0.0,93.5,6,666
670,0.0,0.0,218.5368649,0.0,0.0,21.5742147,84.57992612,234.8336777,0.0,0.0,0.36,0.0,0.0,-0.17,-0.15,20.21646842,0.0,18.72206172,0.0,97.5,9,670
671,0.0,0.0,218.5368649,0.0,0.0,21.5742147,84.57992612,252.1296629,0.0,0.0,0.36,0.0,0.0,-0.17,-0.15,20.21646842,0.0,18.72206172,0.0,97.5,0,671
672,0.0,0.0,218.5368649,0.0,0.0,21.5742147,84.57992612,234.8336777,0.0,0.0,0.36,0.0,0.0,-0.17,-0.15,18.13666273,0.0,18.00902347,0.0,96.0,0,672
673,0.0,0.0,218.5368649,0.0,0.0,21.5742147,84.57992612,134.6239983,0.0,0.0,0.36,0.0,0.0,-0.17,-0.15,17.13817676,0.0,29.17730978,0.0,96.5,9,673
675,0.0,0.0,218.5368649,0.0,0.0,21.5742147,84.57992612,134.6239983,0.0,0.0,0.36,0.0,0.0,-0.17,-0.15,17.13817676,0.0,18.58004591,0.0,97.0,6,675
676,0.0,0.0,216.3874908,0.0,0.0,21.5742147,84.57992612,134.6239983,0.0,0.0,0.36,0.0,0.0,-0.17,-0.15,16.07246394,0.0,31.15753054,0.0,99.0,6,676
677,0.0,0.0,216.3874908,0.0,0.0,21.5742147,84.57992612,140.6915573,0.0,0.0,0.36,0.0,0.0,-0.17,-0.15,16.07246394,0.0,31.15753054,0.0,98.5,2,677
679,0.0,0.0,216.3874908,0.0,0.0,21.5742147,84.57992612,175.2785624,0.0,0.0,0.36,0.0,0.0,-0.17,-0.15,14.67972665,0.0,19.22207626,0.0,96.5,8,679
680,0.0,0.0,216.3874908,0.0,0.0,21.5742147,84.57992612,134.6239983,0.0,0.0,0.36,0.0,0.0,-0.17,-0.15,18.54060741,0.0,18.36554259,0.0,97.5,8,680
681,0.0,0.0,216.3874908,0.0,0.0,21.5742147,84.57992612,151.9199836,0.0,0.0,0.36,0.0,0.0,-0.17,-0.15,18.54060741,0.0,18.36554259,0.0,96.75,6,681
682,0.0,0.0,216.3874908,0.0,0.0,21.5742147,84.57992612,134.6239983,0.0,0.0,0.36,0.0,0.0,-0.17,-0.15,20.98888397,0.0,18.58004591,0.0,95.0,0,682
683,0.0,0.0,216.3874908,0.0,0.0,21.5742147,84.57992612,134.6239983,0.0,0.0,0.36,0.0,0.0,-0.17,-0.15,17.13817676,0.0,18.58004591,0.0,98.0,9,683
685,0.0,0.0,64.9564121,0.0,0.0,21.5742147,84.57992612,166.5795098,0.0,0.0,0.0,0.0,0.0,-0.17,-0.15,22.51198396,19.43509996,0.0,0.0,99.7,9,685
