trial_id,Val_loss,epoch,time_this_iter_s,done,training_iteration,date,timestamp,time_total_s,pid,hostname,node_ip,time_since_restore,iterations_since_restore,experiment_tag,config/batch_size,config/epochs,config/loss_function,config/lr0,config/patience,config/factor,config/minlr,config/betas,config/eps,config/weight_decay,config/amsgrad,config/dim,config/bias,config/n_conv
3e7cf_00000,22.540140502283,1000,0.591266393661499,True,1000,2023-06-28_20-55-28,1687982128,633.0673274993896,29920,storm.cs.nott.ac.uk,10.148.136.74,633.0673274993896,1000,"0_amsgrad=False,batch_size=40,bias=False,dim=32,eps=0.0000,lr0=0.0500,n_conv=1",40,1500,MSELoss(),0.05,0,0.5,1e-08,"(0.9, 0.999)",1e-08,0,False,32,False,1
3e7cf_00001,41.17627602344131,15,0.5824403762817383,True,15,2023-06-28_20-56-05,1687982165,28.38822364807129,4419,storm.cs.nott.ac.uk,10.148.136.74,28.38822364807129,15,"1_amsgrad=False,batch_size=40,bias=True,dim=64,eps=0.0000,lr0=0.0500,n_conv=1",40,1500,MSELoss(),0.05,0,0.5,1e-08,"(0.9, 0.999)",1e-08,0,False,64,True,1
3e7cf_00002,31.581195179666114,60,0.5803186893463135,True,60,2023-06-28_20-57-05,1687982225,54.28440570831299,4879,storm.cs.nott.ac.uk,10.148.136.74,54.28440570831299,60,"2_amsgrad=False,batch_size=40,bias=True,dim=128,eps=0.0000,lr0=0.0500,n_conv=1",40,1500,MSELoss(),0.05,0,0.5,1e-08,"(0.9, 0.999)",1e-08,0,False,128,True,1
3e7cf_00003,38.35116658075978,15,0.5818037986755371,True,15,2023-06-28_20-57-39,1687982259,28.13970971107483,5580,storm.cs.nott.ac.uk,10.148.136.74,28.13970971107483,15,"3_amsgrad=False,batch_size=40,bias=False,dim=32,eps=0.0000,lr0=0.0500,n_conv=1",40,1500,MSELoss(),0.05,0,0.5,1e-08,"(0.9, 0.999)",1e-09,0,False,32,False,1
3e7cf_00004,38.580573170084534,15,0.5851404666900635,True,15,2023-06-28_20-58-14,1687982294,28.151890754699707,6018,storm.cs.nott.ac.uk,10.148.136.74,28.151890754699707,15,"4_amsgrad=False,batch_size=40,bias=True,dim=64,eps=0.0000,lr0=0.0500,n_conv=1",40,1500,MSELoss(),0.05,0,0.5,1e-08,"(0.9, 0.999)",1e-09,0,False,64,True,1
3e7cf_00005,29.333580101493045,240,0.5748569965362549,True,240,2023-06-28_21-00-59,1687982459,158.70285844802856,6478,storm.cs.nott.ac.uk,10.148.136.74,158.70285844802856,240,"5_amsgrad=False,batch_size=40,bias=True,dim=128,eps=0.0000,lr0=0.0500,n_conv=1",40,1500,MSELoss(),0.05,0,0.5,1e-08,"(0.9, 0.999)",1e-09,0,False,128,True,1
3e7cf_00006,38.88094627340461,15,0.5959937572479248,True,15,2023-06-28_21-01-35,1687982495,28.07766103744507,8235,storm.cs.nott.ac.uk,10.148.136.74,28.07766103744507,15,"6_amsgrad=False,batch_size=40,bias=False,dim=32,eps=0.0000,lr0=0.0100,n_conv=1",40,1500,MSELoss(),0.01,0,0.5,1e-08,"(0.9, 0.999)",1e-08,0,False,32,False,1
3e7cf_00007,38.48526030718806,15,0.5812878608703613,True,15,2023-06-28_21-02-09,1687982529,28.673348903656006,8700,storm.cs.nott.ac.uk,10.148.136.74,28.673348903656006,15,"7_amsgrad=False,batch_size=40,bias=False,dim=64,eps=0.0000,lr0=0.0100,n_conv=1",40,1500,MSELoss(),0.01,0,0.5,1e-08,"(0.9, 0.999)",1e-08,0,False,64,False,1
3e7cf_00008,38.66844910531545,15,0.6059160232543945,True,15,2023-06-28_21-02-44,1687982564,28.276954650878906,9142,storm.cs.nott.ac.uk,10.148.136.74,28.276954650878906,15,"8_amsgrad=False,batch_size=40,bias=True,dim=128,eps=0.0000,lr0=0.0100,n_conv=1",40,1500,MSELoss(),0.01,0,0.5,1e-08,"(0.9, 0.999)",1e-08,0,False,128,True,1
3e7cf_00009,38.90842096501804,15,0.5815944671630859,True,15,2023-06-28_21-03-19,1687982599,28.043034553527832,9566,storm.cs.nott.ac.uk,10.148.136.74,28.043034553527832,15,"9_amsgrad=False,batch_size=40,bias=False,dim=32,eps=0.0000,lr0=0.0100,n_conv=1",40,1500,MSELoss(),0.01,0,0.5,1e-08,"(0.9, 0.999)",1e-09,0,False,32,False,1
3e7cf_00010,38.468104908485245,15,0.5962216854095459,True,15,2023-06-28_21-03-53,1687982633,28.24467420578003,9994,storm.cs.nott.ac.uk,10.148.136.74,28.24467420578003,15,"10_amsgrad=False,batch_size=40,bias=False,dim=64,eps=0.0000,lr0=0.0100,n_conv=1",40,1500,MSELoss(),0.01,0,0.5,1e-08,"(0.9, 0.999)",1e-09,0,False,64,False,1
3e7cf_00011,38.687239161748586,15,0.5774047374725342,True,15,2023-06-28_21-04-28,1687982668,28.14265489578247,10444,storm.cs.nott.ac.uk,10.148.136.74,28.14265489578247,15,"11_amsgrad=False,batch_size=40,bias=True,dim=128,eps=0.0000,lr0=0.0100,n_conv=1",40,1500,MSELoss(),0.01,0,0.5,1e-08,"(0.9, 0.999)",1e-09,0,False,128,True,1
3e7cf_00012,39.03095916389335,15,0.5959093570709229,True,15,2023-06-28_21-05-03,1687982703,28.6781325340271,10875,storm.cs.nott.ac.uk,10.148.136.74,28.6781325340271,15,"12_amsgrad=False,batch_size=40,bias=False,dim=32,eps=0.0000,lr0=0.0050,n_conv=1",40,1500,MSELoss(),0.005,0,0.5,1e-08,"(0.9, 0.999)",1e-08,0,False,32,False,1
3e7cf_00013,39.200875312173864,15,0.5991168022155762,True,15,2023-06-28_21-05-37,1687982737,28.14747428894043,11509,storm.cs.nott.ac.uk,10.148.136.74,28.14747428894043,15,"13_amsgrad=False,batch_size=40,bias=False,dim=64,eps=0.0000,lr0=0.0050,n_conv=1",40,1500,MSELoss(),0.005,0,0.5,1e-08,"(0.9, 0.999)",1e-08,0,False,64,False,1
3e7cf_00014,38.745061447512995,15,0.5645191669464111,True,15,2023-06-28_21-06-11,1687982771,28.123706579208374,11949,storm.cs.nott.ac.uk,10.148.136.74,28.123706579208374,15,"14_amsgrad=False,batch_size=40,bias=True,dim=128,eps=0.0000,lr0=0.0050,n_conv=1",40,1500,MSELoss(),0.005,0,0.5,1e-08,"(0.9, 0.999)",1e-08,0,False,128,True,1
3e7cf_00015,39.03104192991007,15,0.5827877521514893,True,15,2023-06-28_21-06-46,1687982806,28.24664831161499,12383,storm.cs.nott.ac.uk,10.148.136.74,28.24664831161499,15,"15_amsgrad=False,batch_size=40,bias=False,dim=32,eps=0.0000,lr0=0.0050,n_conv=1",40,1500,MSELoss(),0.005,0,0.5,1e-08,"(0.9, 0.999)",1e-09,0,False,32,False,1
3e7cf_00016,39.20112930291364,15,0.6232576370239258,True,15,2023-06-28_21-07-21,1687982841,28.632997274398804,12815,storm.cs.nott.ac.uk,10.148.136.74,28.632997274398804,15,"16_amsgrad=False,batch_size=40,bias=False,dim=64,eps=0.0000,lr0=0.0050,n_conv=1",40,1500,MSELoss(),0.005,0,0.5,1e-08,"(0.9, 0.999)",1e-09,0,False,64,False,1
3e7cf_00017,38.74663187720251,15,0.5802721977233887,True,15,2023-06-28_21-07-55,1687982875,28.305883646011353,13271,storm.cs.nott.ac.uk,10.148.136.74,28.305883646011353,15,"17_amsgrad=False,batch_size=40,bias=True,dim=128,eps=0.0000,lr0=0.0050,n_conv=1",40,1500,MSELoss(),0.005,0,0.5,1e-08,"(0.9, 0.999)",1e-09,0,False,128,True,1
3e7cf_00018,35.68977027015082,60,0.6299841403961182,True,60,2023-06-28_21-08-58,1687982938,56.61342096328735,13770,storm.cs.nott.ac.uk,10.148.136.74,56.61342096328735,60,"18_amsgrad=False,batch_size=40,bias=False,dim=32,eps=0.0000,lr0=0.0500,n_conv=2",40,1500,MSELoss(),0.05,0,0.5,1e-08,"(0.9, 0.999)",1e-08,0,False,32,False,2
3e7cf_00019,31.64707020819907,60,0.6945772171020508,True,60,2023-06-28_21-10-02,1687983002,56.64305233955383,14510,storm.cs.nott.ac.uk,10.148.136.74,56.64305233955383,60,"19_amsgrad=False,batch_size=40,bias=True,dim=64,eps=0.0000,lr0=0.0500,n_conv=2",40,1500,MSELoss(),0.05,0,0.5,1e-08,"(0.9, 0.999)",1e-08,0,False,64,True,2
3e7cf_00020,47.40136074981501,15,0.6032838821411133,True,15,2023-06-28_21-10-37,1687983037,28.683802843093872,15271,storm.cs.nott.ac.uk,10.148.136.74,28.683802843093872,15,"20_amsgrad=False,batch_size=40,bias=False,dim=128,eps=0.0000,lr0=0.0500,n_conv=2",40,1500,MSELoss(),0.05,0,0.5,1e-08,"(0.9, 0.999)",1e-08,0,False,128,False,2
3e7cf_00021,32.6170616915911,60,0.6163523197174072,True,60,2023-06-28_21-11-41,1687983101,56.98895287513733,15719,storm.cs.nott.ac.uk,10.148.136.74,56.98895287513733,60,"21_amsgrad=False,batch_size=40,bias=False,dim=32,eps=0.0000,lr0=0.0500,n_conv=2",40,1500,MSELoss(),0.05,0,0.5,1e-08,"(0.9, 0.999)",1e-09,0,False,32,False,2
3e7cf_00022,39.99991052589914,15,0.6202144622802734,True,15,2023-06-28_21-12-16,1687983136,28.87250781059265,16427,storm.cs.nott.ac.uk,10.148.136.74,28.87250781059265,15,"22_amsgrad=False,batch_size=40,bias=False,dim=64,eps=0.0000,lr0=0.0500,n_conv=2",40,1500,MSELoss(),0.05,0,0.5,1e-08,"(0.9, 0.999)",1e-09,0,False,64,False,2
3e7cf_00023,43.84697383803323,15,0.6164050102233887,True,15,2023-06-28_21-12-50,1687983170,28.737745761871338,16851,storm.cs.nott.ac.uk,10.148.136.74,28.737745761871338,15,"23_amsgrad=False,batch_size=40,bias=True,dim=128,eps=0.0000,lr0=0.0500,n_conv=2",40,1500,MSELoss(),0.05,0,0.5,1e-08,"(0.9, 0.999)",1e-09,0,False,128,True,2
3e7cf_00024,38.517496743808614,15,0.6120452880859375,True,15,2023-06-28_21-13-26,1687983206,28.904987812042236,17285,storm.cs.nott.ac.uk,10.148.136.74,28.904987812042236,15,"24_amsgrad=False,batch_size=40,bias=True,dim=32,eps=0.0000,lr0=0.0100,n_conv=2",40,1500,MSELoss(),0.01,0,0.5,1e-08,"(0.9, 0.999)",1e-08,0,False,32,True,2
3e7cf_00025,38.593671430272664,15,0.6014382839202881,True,15,2023-06-28_21-14-01,1687983241,28.769233226776123,17770,storm.cs.nott.ac.uk,10.148.136.74,28.769233226776123,15,"25_amsgrad=False,batch_size=40,bias=False,dim=64,eps=0.0000,lr0=0.0100,n_conv=2",40,1500,MSELoss(),0.01,0,0.5,1e-08,"(0.9, 0.999)",1e-08,0,False,64,False,2
3e7cf_00026,47.16198156455164,15,0.645186185836792,True,15,2023-06-28_21-14-36,1687983276,28.939361572265625,18223,storm.cs.nott.ac.uk,10.148.136.74,28.939361572265625,15,"26_amsgrad=False,batch_size=40,bias=True,dim=128,eps=0.0000,lr0=0.0100,n_conv=2",40,1500,MSELoss(),0.01,0,0.5,1e-08,"(0.9, 0.999)",1e-08,0,False,128,True,2
3e7cf_00027,38.50914375661206,15,0.6045851707458496,True,15,2023-06-28_21-15-11,1687983311,28.657201528549194,18658,storm.cs.nott.ac.uk,10.148.136.74,28.657201528549194,15,"27_amsgrad=False,batch_size=40,bias=False,dim=32,eps=0.0000,lr0=0.0100,n_conv=2",40,1500,MSELoss(),0.01,0,0.5,1e-08,"(0.9, 0.999)",1e-09,0,False,32,False,2
3e7cf_00028,38.557738421917016,15,0.6069529056549072,True,15,2023-06-28_21-15-46,1687983346,28.688966989517212,19113,storm.cs.nott.ac.uk,10.148.136.74,28.688966989517212,15,"28_amsgrad=False,batch_size=40,bias=False,dim=64,eps=0.0000,lr0=0.0100,n_conv=2",40,1500,MSELoss(),0.01,0,0.5,1e-08,"(0.9, 0.999)",1e-09,0,False,64,False,2
3e7cf_00029,46.47334233798833,15,0.657785177230835,True,15,2023-06-28_21-16-21,1687983381,29.058290243148804,19561,storm.cs.nott.ac.uk,10.148.136.74,29.058290243148804,15,"29_amsgrad=False,batch_size=40,bias=True,dim=128,eps=0.0000,lr0=0.0100,n_conv=2",40,1500,MSELoss(),0.01,0,0.5,1e-08,"(0.9, 0.999)",1e-09,0,False,128,True,2
3e7cf_00030,36.96704675785596,60,0.6126933097839355,True,60,2023-06-28_21-17-24,1687983444,56.83518433570862,20009,storm.cs.nott.ac.uk,10.148.136.74,56.83518433570862,60,"30_amsgrad=False,batch_size=40,bias=True,dim=32,eps=0.0000,lr0=0.0050,n_conv=2",40,1500,MSELoss(),0.005,0,0.5,1e-08,"(0.9, 0.999)",1e-08,0,False,32,True,2
3e7cf_00031,39.28413601881975,15,0.6368083953857422,True,15,2023-06-28_21-17-59,1687983479,28.769073247909546,20715,storm.cs.nott.ac.uk,10.148.136.74,28.769073247909546,15,"31_amsgrad=False,batch_size=40,bias=False,dim=64,eps=0.0000,lr0=0.0050,n_conv=2",40,1500,MSELoss(),0.005,0,0.5,1e-08,"(0.9, 0.999)",1e-08,0,False,64,False,2
3e7cf_00032,42.80340316947194,15,0.6053087711334229,True,15,2023-06-28_21-18-33,1687983513,28.710029363632202,21186,storm.cs.nott.ac.uk,10.148.136.74,28.710029363632202,15,"32_amsgrad=False,batch_size=40,bias=False,dim=128,eps=0.0000,lr0=0.0050,n_conv=2",40,1500,MSELoss(),0.005,0,0.5,1e-08,"(0.9, 0.999)",1e-08,0,False,128,False,2
3e7cf_00033,37.22810444981288,60,0.6026661396026611,True,60,2023-06-28_21-19-37,1687983577,56.593077659606934,21620,storm.cs.nott.ac.uk,10.148.136.74,56.593077659606934,60,"33_amsgrad=False,batch_size=40,bias=False,dim=32,eps=0.0000,lr0=0.0050,n_conv=2",40,1500,MSELoss(),0.005,0,0.5,1e-08,"(0.9, 0.999)",1e-09,0,False,32,False,2
3e7cf_00034,39.27561637755038,15,0.6084833145141602,True,15,2023-06-28_21-20-12,1687983612,28.758406400680542,22348,storm.cs.nott.ac.uk,10.148.136.74,28.758406400680542,15,"34_amsgrad=False,batch_size=40,bias=False,dim=64,eps=0.0000,lr0=0.0050,n_conv=2",40,1500,MSELoss(),0.005,0,0.5,1e-08,"(0.9, 0.999)",1e-09,0,False,64,False,2
3e7cf_00035,42.90925752195934,15,0.6077175140380859,True,15,2023-06-28_21-20-47,1687983647,28.90680170059204,22801,storm.cs.nott.ac.uk,10.148.136.74,28.90680170059204,15,"35_amsgrad=False,batch_size=40,bias=False,dim=128,eps=0.0000,lr0=0.0050,n_conv=2",40,1500,MSELoss(),0.005,0,0.5,1e-08,"(0.9, 0.999)",1e-09,0,False,128,False,2
3e7cf_00036,39.70468369079346,60,0.6283671855926514,True,60,2023-06-28_21-21-50,1687983710,57.06994652748108,23222,storm.cs.nott.ac.uk,10.148.136.74,57.06994652748108,60,"36_amsgrad=False,batch_size=40,bias=False,dim=32,eps=0.0000,lr0=0.0500,n_conv=3",40,1500,MSELoss(),0.05,0,0.5,1e-08,"(0.9, 0.999)",1e-08,0,False,32,False,3
3e7cf_00037,119.43459191034927,60,0.6098778247833252,True,60,2023-06-28_21-22-55,1687983775,57.8971483707428,23971,storm.cs.nott.ac.uk,10.148.136.74,57.8971483707428,60,"37_amsgrad=False,batch_size=40,bias=True,dim=64,eps=0.0000,lr0=0.0500,n_conv=3",40,1500,MSELoss(),0.05,0,0.5,1e-08,"(0.9, 0.999)",1e-08,0,False,64,True,3
3e7cf_00038,36.7245255440823,60,0.6334037780761719,True,60,2023-06-28_21-23-59,1687983839,57.7164421081543,24703,storm.cs.nott.ac.uk,10.148.136.74,57.7164421081543,60,"38_amsgrad=False,batch_size=40,bias=False,dim=128,eps=0.0000,lr0=0.0500,n_conv=3",40,1500,MSELoss(),0.05,0,0.5,1e-08,"(0.9, 0.999)",1e-08,0,False,128,False,3
3e7cf_00039,36.18692399684883,60,0.6183404922485352,True,60,2023-06-28_21-25-05,1687983905,57.8497793674469,25452,storm.cs.nott.ac.uk,10.148.136.74,57.8497793674469,60,"39_amsgrad=False,batch_size=40,bias=False,dim=32,eps=0.0000,lr0=0.0500,n_conv=3",40,1500,MSELoss(),0.05,0,0.5,1e-08,"(0.9, 0.999)",1e-09,0,False,32,False,3
3e7cf_00040,38.40782834112815,15,0.6444475650787354,True,15,2023-06-28_21-25-42,1687983942,29.464735746383667,26215,storm.cs.nott.ac.uk,10.148.136.74,29.464735746383667,15,"40_amsgrad=False,batch_size=40,bias=True,dim=64,eps=0.0000,lr0=0.0500,n_conv=3",40,1500,MSELoss(),0.05,0,0.5,1e-08,"(0.9, 0.999)",1e-09,0,False,64,True,3
3e7cf_00041,44.27126225282416,240,0.6210017204284668,True,240,2023-06-28_21-28-40,1687984120,172.08083152770996,26668,storm.cs.nott.ac.uk,10.148.136.74,172.08083152770996,240,"41_amsgrad=False,batch_size=40,bias=False,dim=128,eps=0.0000,lr0=0.0500,n_conv=3",40,1500,MSELoss(),0.05,0,0.5,1e-08,"(0.9, 0.999)",1e-09,0,False,128,False,3
3e7cf_00042,38.69329096564904,15,0.6350054740905762,True,15,2023-06-28_21-29-17,1687984157,29.024654626846313,30731,storm.cs.nott.ac.uk,10.148.136.74,29.024654626846313,15,"42_amsgrad=False,batch_size=40,bias=False,dim=32,eps=0.0000,lr0=0.0100,n_conv=3",40,1500,MSELoss(),0.01,0,0.5,1e-08,"(0.9, 0.999)",1e-08,0,False,32,False,3
3e7cf_00043,38.04257633607533,60,0.6172831058502197,True,60,2023-06-28_21-30-21,1687984221,58.22971057891846,31209,storm.cs.nott.ac.uk,10.148.136.74,58.22971057891846,60,"43_amsgrad=False,batch_size=40,bias=True,dim=64,eps=0.0000,lr0=0.0100,n_conv=3",40,1500,MSELoss(),0.01,0,0.5,1e-08,"(0.9, 0.999)",1e-08,0,False,64,True,3
3e7cf_00044,31.79109349423273,60,0.6479160785675049,True,60,2023-06-28_21-31-27,1687984287,59.03325819969177,31941,storm.cs.nott.ac.uk,10.148.136.74,59.03325819969177,60,"44_amsgrad=False,batch_size=40,bias=False,dim=128,eps=0.0000,lr0=0.0100,n_conv=3",40,1500,MSELoss(),0.01,0,0.5,1e-08,"(0.9, 0.999)",1e-08,0,False,128,False,3
3e7cf_00045,38.38450863120332,15,0.622521162033081,True,15,2023-06-28_21-32-03,1687984323,29.17218041419983,32694,storm.cs.nott.ac.uk,10.148.136.74,29.17218041419983,15,"45_amsgrad=False,batch_size=40,bias=False,dim=32,eps=0.0000,lr0=0.0100,n_conv=3",40,1500,MSELoss(),0.01,0,0.5,1e-08,"(0.9, 0.999)",1e-09,0,False,32,False,3
3e7cf_00046,20.108689988072364,1000,0.6212635040283203,True,1000,2023-06-28_21-43-13,1687984993,663.6043698787689,716,storm.cs.nott.ac.uk,10.148.136.74,663.6043698787689,1000,"46_amsgrad=False,batch_size=40,bias=True,dim=64,eps=0.0000,lr0=0.0100,n_conv=3",40,1500,MSELoss(),0.01,0,0.5,1e-08,"(0.9, 0.999)",1e-09,0,False,64,True,3
3e7cf_00047,8.088667537418576,1000,0.6273074150085449,True,1000,2023-06-28_21-54-26,1687985666,665.7602307796478,7968,storm.cs.nott.ac.uk,10.148.136.74,665.7602307796478,1000,"47_amsgrad=False,batch_size=40,bias=True,dim=128,eps=0.0000,lr0=0.0100,n_conv=3",40,1500,MSELoss(),0.01,0,0.5,1e-08,"(0.9, 0.999)",1e-09,0,False,128,True,3
3e7cf_00048,38.50969827919422,15,0.650169849395752,True,15,2023-06-28_21-55-04,1687985704,29.347532272338867,14905,storm.cs.nott.ac.uk,10.148.136.74,29.347532272338867,15,"48_amsgrad=False,batch_size=40,bias=True,dim=32,eps=0.0000,lr0=0.0050,n_conv=3",40,1500,MSELoss(),0.005,0,0.5,1e-08,"(0.9, 0.999)",1e-08,0,False,32,True,3
3e7cf_00049,38.49187667677693,15,0.6320867538452148,True,15,2023-06-28_21-55-39,1687985739,29.42213487625122,15366,storm.cs.nott.ac.uk,10.148.136.74,29.42213487625122,15,"49_amsgrad=False,batch_size=40,bias=False,dim=64,eps=0.0000,lr0=0.0050,n_conv=3",40,1500,MSELoss(),0.005,0,0.5,1e-08,"(0.9, 0.999)",1e-08,0,False,64,False,3
3e7cf_00050,33.99057367881492,60,0.6270558834075928,True,60,2023-06-28_21-56-43,1687985803,58.13239669799805,15807,storm.cs.nott.ac.uk,10.148.136.74,58.13239669799805,60,"50_amsgrad=False,batch_size=40,bias=True,dim=128,eps=0.0000,lr0=0.0050,n_conv=3",40,1500,MSELoss(),0.005,0,0.5,1e-08,"(0.9, 0.999)",1e-08,0,False,128,True,3
3e7cf_00051,38.557852784494756,15,0.6288247108459473,True,15,2023-06-28_21-57-20,1687985840,29.029027462005615,16536,storm.cs.nott.ac.uk,10.148.136.74,29.029027462005615,15,"51_amsgrad=False,batch_size=40,bias=True,dim=32,eps=0.0000,lr0=0.0050,n_conv=3",40,1500,MSELoss(),0.005,0,0.5,1e-08,"(0.9, 0.999)",1e-09,0,False,32,True,3
3e7cf_00052,38.42977035253995,15,0.6467766761779785,True,15,2023-06-28_21-57-56,1687985876,29.14626407623291,16996,storm.cs.nott.ac.uk,10.148.136.74,29.14626407623291,15,"52_amsgrad=False,batch_size=40,bias=True,dim=64,eps=0.0000,lr0=0.0050,n_conv=3",40,1500,MSELoss(),0.005,0,0.5,1e-08,"(0.9, 0.999)",1e-09,0,False,64,True,3
3e7cf_00053,13.370160796715572,1000,0.6694848537445068,True,1000,2023-06-28_22-09-09,1687986549,666.7915594577789,17437,storm.cs.nott.ac.uk,10.148.136.74,666.7915594577789,1000,"53_amsgrad=False,batch_size=40,bias=False,dim=128,eps=0.0000,lr0=0.0050,n_conv=3",40,1500,MSELoss(),0.005,0,0.5,1e-08,"(0.9, 0.999)",1e-09,0,False,128,False,3
3e7cf_00054,38.302396393404265,15,0.5646762847900391,True,15,2023-06-28_22-09-45,1687986585,28.35029888153076,24330,storm.cs.nott.ac.uk,10.148.136.74,28.35029888153076,15,"54_amsgrad=False,batch_size=40,bias=False,dim=32,eps=0.0000,lr0=0.0500,n_conv=1",40,1500,MSELoss(),0.05,0,0.5,1e-08,"(0.9, 0.999)",1e-08,0,False,32,False,1
3e7cf_00055,41.176741416708566,15,0.6000204086303711,True,15,2023-06-28_22-10-19,1687986619,28.388181686401367,24742,storm.cs.nott.ac.uk,10.148.136.74,28.388181686401367,15,"55_amsgrad=False,batch_size=40,bias=False,dim=64,eps=0.0000,lr0=0.0500,n_conv=1",40,1500,MSELoss(),0.05,0,0.5,1e-08,"(0.9, 0.999)",1e-08,0,False,64,False,1
3e7cf_00056,26.971529419951366,240,0.6070408821105957,True,240,2023-06-28_22-13-05,1687986785,159.96167159080505,25196,storm.cs.nott.ac.uk,10.148.136.74,159.96167159080505,240,"56_amsgrad=False,batch_size=40,bias=True,dim=128,eps=0.0000,lr0=0.0500,n_conv=1",40,1500,MSELoss(),0.05,0,0.5,1e-08,"(0.9, 0.999)",1e-08,0,False,128,True,1
3e7cf_00057,38.351165911876414,15,0.5839800834655762,True,15,2023-06-28_22-13-42,1687986822,27.91294765472412,27045,storm.cs.nott.ac.uk,10.148.136.74,27.91294765472412,15,"57_amsgrad=False,batch_size=40,bias=False,dim=32,eps=0.0000,lr0=0.0500,n_conv=1",40,1500,MSELoss(),0.05,0,0.5,1e-08,"(0.9, 0.999)",1e-09,0,False,32,False,1
3e7cf_00058,38.57766414224672,15,0.6370761394500732,True,15,2023-06-28_22-14-16,1687986856,28.41649866104126,27521,storm.cs.nott.ac.uk,10.148.136.74,28.41649866104126,15,"58_amsgrad=False,batch_size=40,bias=True,dim=64,eps=0.0000,lr0=0.0500,n_conv=1",40,1500,MSELoss(),0.05,0,0.5,1e-08,"(0.9, 0.999)",1e-09,0,False,64,True,1
3e7cf_00059,23.429479388869318,240,0.568533182144165,True,240,2023-06-28_22-17-02,1687987022,159.8155403137207,30070,storm.cs.nott.ac.uk,10.148.136.74,159.8155403137207,240,"59_amsgrad=False,batch_size=40,bias=False,dim=128,eps=0.0000,lr0=0.0500,n_conv=1",40,1500,MSELoss(),0.05,0,0.5,1e-08,"(0.9, 0.999)",1e-09,0,False,128,False,1
3e7cf_00060,38.88094784320064,15,0.6237912178039551,True,15,2023-06-28_22-17-38,1687987058,28.535593271255493,31962,storm.cs.nott.ac.uk,10.148.136.74,28.535593271255493,15,"60_amsgrad=False,batch_size=40,bias=True,dim=32,eps=0.0000,lr0=0.0100,n_conv=1",40,1500,MSELoss(),0.01,0,0.5,1e-08,"(0.9, 0.999)",1e-08,0,False,32,True,1
3e7cf_00061,38.48526030718806,15,0.5841686725616455,True,15,2023-06-28_22-18-13,1687987093,28.27194857597351,32451,storm.cs.nott.ac.uk,10.148.136.74,28.27194857597351,15,"61_amsgrad=False,batch_size=40,bias=True,dim=64,eps=0.0000,lr0=0.0100,n_conv=1",40,1500,MSELoss(),0.01,0,0.5,1e-08,"(0.9, 0.999)",1e-08,0,False,64,True,1
3e7cf_00062,38.66844819028781,15,0.5910031795501709,True,15,2023-06-28_22-18-48,1687987128,28.359182834625244,410,storm.cs.nott.ac.uk,10.148.136.74,28.359182834625244,15,"62_amsgrad=False,batch_size=40,bias=False,dim=128,eps=0.0000,lr0=0.0100,n_conv=1",40,1500,MSELoss(),0.01,0,0.5,1e-08,"(0.9, 0.999)",1e-08,0,False,128,False,1
3e7cf_00063,38.90842005563393,15,0.6066498756408691,True,15,2023-06-28_22-19-22,1687987162,28.554703950881958,890,storm.cs.nott.ac.uk,10.148.136.74,28.554703950881958,15,"63_amsgrad=False,batch_size=40,bias=True,dim=32,eps=0.0000,lr0=0.0100,n_conv=1",40,1500,MSELoss(),0.01,0,0.5,1e-08,"(0.9, 0.999)",1e-09,0,False,32,True,1
3e7cf_00064,38.468104908485245,15,0.5979411602020264,True,15,2023-06-28_22-19-58,1687987198,28.27049422264099,1384,storm.cs.nott.ac.uk,10.148.136.74,28.27049422264099,15,"64_amsgrad=False,batch_size=40,bias=True,dim=64,eps=0.0000,lr0=0.0100,n_conv=1",40,1500,MSELoss(),0.01,0,0.5,1e-08,"(0.9, 0.999)",1e-09,0,False,64,True,1
3e7cf_00065,38.687239824821404,15,0.5912675857543945,True,15,2023-06-28_22-20-32,1687987232,28.39998984336853,1839,storm.cs.nott.ac.uk,10.148.136.74,28.39998984336853,15,"65_amsgrad=False,batch_size=40,bias=False,dim=128,eps=0.0000,lr0=0.0100,n_conv=1",40,1500,MSELoss(),0.01,0,0.5,1e-08,"(0.9, 0.999)",1e-09,0,False,128,False,1
3e7cf_00066,39.030959662484335,15,0.597409725189209,True,15,2023-06-28_22-21-07,1687987267,28.561838150024414,2335,storm.cs.nott.ac.uk,10.148.136.74,28.561838150024414,15,"66_amsgrad=False,batch_size=40,bias=False,dim=32,eps=0.0000,lr0=0.0050,n_conv=1",40,1500,MSELoss(),0.005,0,0.5,1e-08,"(0.9, 0.999)",1e-08,0,False,32,False,1
3e7cf_00067,39.20085466519972,15,0.573094367980957,True,15,2023-06-28_22-21-41,1687987301,28.404741525650024,2780,storm.cs.nott.ac.uk,10.148.136.74,28.404741525650024,15,"67_amsgrad=False,batch_size=40,bias=True,dim=64,eps=0.0000,lr0=0.0050,n_conv=1",40,1500,MSELoss(),0.005,0,0.5,1e-08,"(0.9, 0.999)",1e-08,0,False,64,True,1
3e7cf_00068,38.74516137629697,15,0.5613279342651367,True,15,2023-06-28_22-22-15,1687987335,27.95371103286743,3221,storm.cs.nott.ac.uk,10.148.136.74,27.95371103286743,15,"68_amsgrad=False,batch_size=40,bias=True,dim=128,eps=0.0000,lr0=0.0050,n_conv=1",40,1500,MSELoss(),0.005,0,0.5,1e-08,"(0.9, 0.999)",1e-08,0,False,128,True,1
3e7cf_00069,39.03104283643721,15,0.5804867744445801,True,15,2023-06-28_22-22-50,1687987370,28.667785167694092,3952,storm.cs.nott.ac.uk,10.148.136.74,28.667785167694092,15,"69_amsgrad=False,batch_size=40,bias=True,dim=32,eps=0.0000,lr0=0.0050,n_conv=1",40,1500,MSELoss(),0.005,0,0.5,1e-08,"(0.9, 0.999)",1e-09,0,False,32,True,1
3e7cf_00070,39.201133477410096,15,0.6134679317474365,True,15,2023-06-28_22-23-25,1687987405,28.631283283233643,4379,storm.cs.nott.ac.uk,10.148.136.74,28.631283283233643,15,"70_amsgrad=False,batch_size=40,bias=True,dim=64,eps=0.0000,lr0=0.0050,n_conv=1",40,1500,MSELoss(),0.005,0,0.5,1e-08,"(0.9, 0.999)",1e-09,0,False,64,True,1
3e7cf_00071,38.74663187720251,15,0.5832216739654541,True,15,2023-06-28_22-23-59,1687987439,28.272242307662964,4823,storm.cs.nott.ac.uk,10.148.136.74,28.272242307662964,15,"71_amsgrad=False,batch_size=40,bias=True,dim=128,eps=0.0000,lr0=0.0050,n_conv=1",40,1500,MSELoss(),0.005,0,0.5,1e-08,"(0.9, 0.999)",1e-09,0,False,128,True,1
3e7cf_00072,33.495011697806724,60,0.5970926284790039,True,60,2023-06-28_22-25-02,1687987502,56.43970727920532,5259,storm.cs.nott.ac.uk,10.148.136.74,56.43970727920532,60,"72_amsgrad=False,batch_size=40,bias=True,dim=32,eps=0.0000,lr0=0.0500,n_conv=2",40,1500,MSELoss(),0.05,0,0.5,1e-08,"(0.9, 0.999)",1e-08,0,False,32,True,2
3e7cf_00073,38.25636645971432,15,0.5957863330841064,True,15,2023-06-28_22-25-37,1687987537,28.97087860107422,5993,storm.cs.nott.ac.uk,10.148.136.74,28.97087860107422,15,"73_amsgrad=False,batch_size=40,bias=False,dim=64,eps=0.0000,lr0=0.0500,n_conv=2",40,1500,MSELoss(),0.05,0,0.5,1e-08,"(0.9, 0.999)",1e-08,0,False,64,False,2
3e7cf_00074,45.24451636586397,15,0.607445240020752,True,15,2023-06-28_22-26-12,1687987572,28.81817317008972,6424,storm.cs.nott.ac.uk,10.148.136.74,28.81817317008972,15,"74_amsgrad=False,batch_size=40,bias=False,dim=128,eps=0.0000,lr0=0.0500,n_conv=2",40,1500,MSELoss(),0.05,0,0.5,1e-08,"(0.9, 0.999)",1e-08,0,False,128,False,2
3e7cf_00075,35.262466658719966,60,0.6024000644683838,True,60,2023-06-28_22-27-15,1687987635,56.27149677276611,6898,storm.cs.nott.ac.uk,10.148.136.74,56.27149677276611,60,"75_amsgrad=False,batch_size=40,bias=True,dim=32,eps=0.0000,lr0=0.0500,n_conv=2",40,1500,MSELoss(),0.05,0,0.5,1e-08,"(0.9, 0.999)",1e-09,0,False,32,True,2
3e7cf_00076,39.99931615714843,15,0.62249755859375,True,15,2023-06-28_22-27-50,1687987670,28.60635018348694,7608,storm.cs.nott.ac.uk,10.148.136.74,28.60635018348694,15,"76_amsgrad=False,batch_size=40,bias=False,dim=64,eps=0.0000,lr0=0.0500,n_conv=2",40,1500,MSELoss(),0.05,0,0.5,1e-08,"(0.9, 0.999)",1e-09,0,False,64,False,2
3e7cf_00077,47.08470171585907,15,0.6117525100708008,True,15,2023-06-28_22-28-25,1687987705,28.852540254592896,8069,storm.cs.nott.ac.uk,10.148.136.74,28.852540254592896,15,"77_amsgrad=False,batch_size=40,bias=True,dim=128,eps=0.0000,lr0=0.0500,n_conv=2",40,1500,MSELoss(),0.05,0,0.5,1e-08,"(0.9, 0.999)",1e-09,0,False,128,True,2
3e7cf_00078,38.51749607781369,15,0.6087570190429688,True,15,2023-06-28_22-29-00,1687987740,28.767887592315674,8531,storm.cs.nott.ac.uk,10.148.136.74,28.767887592315674,15,"78_amsgrad=False,batch_size=40,bias=False,dim=32,eps=0.0000,lr0=0.0100,n_conv=2",40,1500,MSELoss(),0.01,0,0.5,1e-08,"(0.9, 0.999)",1e-08,0,False,32,False,2
3e7cf_00079,38.58665568689024,15,0.6445915699005127,True,15,2023-06-28_22-29-35,1687987775,28.884617567062378,8962,storm.cs.nott.ac.uk,10.148.136.74,28.884617567062378,15,"79_amsgrad=False,batch_size=40,bias=True,dim=64,eps=0.0000,lr0=0.0100,n_conv=2",40,1500,MSELoss(),0.01,0,0.5,1e-08,"(0.9, 0.999)",1e-08,0,False,64,True,2
3e7cf_00080,46.90323851267283,15,0.640467643737793,True,15,2023-06-28_22-30-11,1687987811,29.08376717567444,9410,storm.cs.nott.ac.uk,10.148.136.74,29.08376717567444,15,"80_amsgrad=False,batch_size=40,bias=True,dim=128,eps=0.0000,lr0=0.0100,n_conv=2",40,1500,MSELoss(),0.01,0,0.5,1e-08,"(0.9, 0.999)",1e-08,0,False,128,True,2
3e7cf_00081,38.50914375661206,15,0.6272482872009277,True,15,2023-06-28_22-30-46,1687987846,28.937904834747314,9890,storm.cs.nott.ac.uk,10.148.136.74,28.937904834747314,15,"81_amsgrad=False,batch_size=40,bias=False,dim=32,eps=0.0000,lr0=0.0100,n_conv=2",40,1500,MSELoss(),0.01,0,0.5,1e-08,"(0.9, 0.999)",1e-09,0,False,32,False,2
3e7cf_00082,38.545543979409494,15,0.6355993747711182,True,15,2023-06-28_22-31-21,1687987881,28.724223613739014,10340,storm.cs.nott.ac.uk,10.148.136.74,28.724223613739014,15,"82_amsgrad=False,batch_size=40,bias=False,dim=64,eps=0.0000,lr0=0.0100,n_conv=2",40,1500,MSELoss(),0.01,0,0.5,1e-08,"(0.9, 0.999)",1e-09,0,False,64,False,2
3e7cf_00083,46.59077113238356,15,0.6141173839569092,True,15,2023-06-28_22-31-57,1687987917,28.84761142730713,10773,storm.cs.nott.ac.uk,10.148.136.74,28.84761142730713,15,"83_amsgrad=False,batch_size=40,bias=True,dim=128,eps=0.0000,lr0=0.0100,n_conv=2",40,1500,MSELoss(),0.01,0,0.5,1e-08,"(0.9, 0.999)",1e-09,0,False,128,True,2
3e7cf_00084,38.36897072931155,15,0.6043386459350586,True,15,2023-06-28_22-32-32,1687987952,28.818772792816162,11297,storm.cs.nott.ac.uk,10.148.136.74,28.818772792816162,15,"84_amsgrad=False,batch_size=40,bias=True,dim=32,eps=0.0000,lr0=0.0050,n_conv=2",40,1500,MSELoss(),0.005,0,0.5,1e-08,"(0.9, 0.999)",1e-08,0,False,32,True,2
3e7cf_00085,39.28413601881975,15,0.6109468936920166,True,15,2023-06-28_22-33-07,1687987987,28.941923141479492,11732,storm.cs.nott.ac.uk,10.148.136.74,28.941923141479492,15,"85_amsgrad=False,batch_size=40,bias=False,dim=64,eps=0.0000,lr0=0.0050,n_conv=2",40,1500,MSELoss(),0.005,0,0.5,1e-08,"(0.9, 0.999)",1e-08,0,False,64,False,2
3e7cf_00086,42.8051887418543,15,0.6117408275604248,True,15,2023-06-28_22-33-43,1687988023,29.15994930267334,12175,storm.cs.nott.ac.uk,10.148.136.74,29.15994930267334,15,"86_amsgrad=False,batch_size=40,bias=False,dim=128,eps=0.0000,lr0=0.0050,n_conv=2",40,1500,MSELoss(),0.005,0,0.5,1e-08,"(0.9, 0.999)",1e-08,0,False,128,False,2
3e7cf_00087,38.356546885584905,15,0.6132354736328125,True,15,2023-06-28_22-34-18,1687988058,28.704368114471436,12627,storm.cs.nott.ac.uk,10.148.136.74,28.704368114471436,15,"87_amsgrad=False,batch_size=40,bias=False,dim=32,eps=0.0000,lr0=0.0050,n_conv=2",40,1500,MSELoss(),0.005,0,0.5,1e-08,"(0.9, 0.999)",1e-09,0,False,32,False,2
3e7cf_00088,39.27611996740887,15,0.5785973072052002,True,15,2023-06-28_22-34-54,1687988094,29.00871181488037,13075,storm.cs.nott.ac.uk,10.148.136.74,29.00871181488037,15,"88_amsgrad=False,batch_size=40,bias=True,dim=64,eps=0.0000,lr0=0.0050,n_conv=2",40,1500,MSELoss(),0.005,0,0.5,1e-08,"(0.9, 0.999)",1e-09,0,False,64,True,2
3e7cf_00089,42.90881351723647,15,0.6414134502410889,True,15,2023-06-28_22-35-29,1687988129,28.69934368133545,13520,storm.cs.nott.ac.uk,10.148.136.74,28.69934368133545,15,"89_amsgrad=False,batch_size=40,bias=False,dim=128,eps=0.0000,lr0=0.0050,n_conv=2",40,1500,MSELoss(),0.005,0,0.5,1e-08,"(0.9, 0.999)",1e-09,0,False,128,False,2
3e7cf_00090,37.29914504458449,60,0.6724495887756348,True,60,2023-06-28_22-36-35,1687988195,59.3366425037384,13973,storm.cs.nott.ac.uk,10.148.136.74,59.3366425037384,60,"90_amsgrad=False,batch_size=40,bias=True,dim=32,eps=0.0000,lr0=0.0500,n_conv=3",40,1500,MSELoss(),0.05,0,0.5,1e-08,"(0.9, 0.999)",1e-08,0,False,32,True,3
3e7cf_00091,38.283713296042514,60,0.6262919902801514,True,60,2023-06-28_22-37-41,1687988261,58.799373626708984,14737,storm.cs.nott.ac.uk,10.148.136.74,58.799373626708984,60,"91_amsgrad=False,batch_size=40,bias=False,dim=64,eps=0.0000,lr0=0.0500,n_conv=3",40,1500,MSELoss(),0.05,0,0.5,1e-08,"(0.9, 0.999)",1e-08,0,False,64,False,3
3e7cf_00092,36.495316120648106,60,0.6280426979064941,True,60,2023-06-28_22-38-45,1687988325,57.85209035873413,15474,storm.cs.nott.ac.uk,10.148.136.74,57.85209035873413,60,"92_amsgrad=False,batch_size=40,bias=True,dim=128,eps=0.0000,lr0=0.0500,n_conv=3",40,1500,MSELoss(),0.05,0,0.5,1e-08,"(0.9, 0.999)",1e-08,0,False,128,True,3
3e7cf_00093,35.41855142376812,60,0.5998630523681641,True,60,2023-06-28_22-39-48,1687988388,56.953311920166016,16225,storm.cs.nott.ac.uk,10.148.136.74,56.953311920166016,60,"93_amsgrad=False,batch_size=40,bias=False,dim=32,eps=0.0000,lr0=0.0500,n_conv=3",40,1500,MSELoss(),0.05,0,0.5,1e-08,"(0.9, 0.999)",1e-09,0,False,32,False,3
3e7cf_00094,33.60219367996478,60,0.6226842403411865,True,60,2023-06-28_22-40-53,1687988453,57.936989068984985,16949,storm.cs.nott.ac.uk,10.148.136.74,57.936989068984985,60,"94_amsgrad=False,batch_size=40,bias=False,dim=64,eps=0.0000,lr0=0.0500,n_conv=3",40,1500,MSELoss(),0.05,0,0.5,1e-08,"(0.9, 0.999)",1e-09,0,False,64,False,3
3e7cf_00095,37.85933488303634,60,0.6426193714141846,True,60,2023-06-28_22-41-57,1687988517,57.8472466468811,17676,storm.cs.nott.ac.uk,10.148.136.74,57.8472466468811,60,"95_amsgrad=False,batch_size=40,bias=False,dim=128,eps=0.0000,lr0=0.0500,n_conv=3",40,1500,MSELoss(),0.05,0,0.5,1e-08,"(0.9, 0.999)",1e-09,0,False,128,False,3
3e7cf_00096,38.69329428049449,15,0.6563961505889893,True,15,2023-06-28_22-42-32,1687988552,29.314117431640625,18453,storm.cs.nott.ac.uk,10.148.136.74,29.314117431640625,15,"96_amsgrad=False,batch_size=40,bias=True,dim=32,eps=0.0000,lr0=0.0100,n_conv=3",40,1500,MSELoss(),0.01,0,0.5,1e-08,"(0.9, 0.999)",1e-08,0,False,32,True,3
3e7cf_00097,32.05804163545147,60,0.6404550075531006,True,60,2023-06-28_22-43-36,1687988616,57.800225496292114,18911,storm.cs.nott.ac.uk,10.148.136.74,57.800225496292114,60,"97_amsgrad=False,batch_size=40,bias=True,dim=64,eps=0.0000,lr0=0.0100,n_conv=3",40,1500,MSELoss(),0.01,0,0.5,1e-08,"(0.9, 0.999)",1e-08,0,False,64,True,3
3e7cf_00098,32.34761297207171,60,0.623786449432373,True,60,2023-06-28_22-44-40,1687988680,57.689533948898315,19662,storm.cs.nott.ac.uk,10.148.136.74,57.689533948898315,60,"98_amsgrad=False,batch_size=40,bias=True,dim=128,eps=0.0000,lr0=0.0100,n_conv=3",40,1500,MSELoss(),0.01,0,0.5,1e-08,"(0.9, 0.999)",1e-08,0,False,128,True,3
3e7cf_00099,38.395262690434635,15,0.6362507343292236,True,15,2023-06-28_22-45-17,1687988717,29.3315269947052,20395,storm.cs.nott.ac.uk,10.148.136.74,29.3315269947052,15,"99_amsgrad=False,batch_size=40,bias=False,dim=32,eps=0.0000,lr0=0.0100,n_conv=3",40,1500,MSELoss(),0.01,0,0.5,1e-08,"(0.9, 0.999)",1e-09,0,False,32,False,3
3e7cf_00100,35.11911978460165,60,0.6749222278594971,True,60,2023-06-28_22-46-21,1687988781,58.61081290245056,20847,storm.cs.nott.ac.uk,10.148.136.74,58.61081290245056,60,"100_amsgrad=False,batch_size=40,bias=False,dim=64,eps=0.0000,lr0=0.0100,n_conv=3",40,1500,MSELoss(),0.01,0,0.5,1e-08,"(0.9, 0.999)",1e-09,0,False,64,False,3
3e7cf_00101,34.06219346109243,60,0.6298277378082275,True,60,2023-06-28_22-47-27,1687988847,57.826247453689575,21610,storm.cs.nott.ac.uk,10.148.136.74,57.826247453689575,60,"101_amsgrad=False,batch_size=40,bias=True,dim=128,eps=0.0000,lr0=0.0100,n_conv=3",40,1500,MSELoss(),0.01,0,0.5,1e-08,"(0.9, 0.999)",1e-09,0,False,128,True,3
3e7cf_00102,38.50969719960456,15,0.6413099765777588,True,15,2023-06-28_22-48-03,1687988883,29.02548575401306,22355,storm.cs.nott.ac.uk,10.148.136.74,29.02548575401306,15,"102_amsgrad=False,batch_size=40,bias=False,dim=32,eps=0.0000,lr0=0.0050,n_conv=3",40,1500,MSELoss(),0.005,0,0.5,1e-08,"(0.9, 0.999)",1e-08,0,False,32,False,3
3e7cf_00103,38.4927908352858,15,0.6715984344482422,True,15,2023-06-28_22-48-38,1687988918,28.718805074691772,22810,storm.cs.nott.ac.uk,10.148.136.74,28.718805074691772,15,"103_amsgrad=False,batch_size=40,bias=True,dim=64,eps=0.0000,lr0=0.0050,n_conv=3",40,1500,MSELoss(),0.005,0,0.5,1e-08,"(0.9, 0.999)",1e-08,0,False,64,True,3
3e7cf_00104,32.8723094324971,60,0.6080770492553711,True,60,2023-06-28_22-49-42,1687988982,57.648961782455444,23256,storm.cs.nott.ac.uk,10.148.136.74,57.648961782455444,60,"104_amsgrad=False,batch_size=40,bias=False,dim=128,eps=0.0000,lr0=0.0050,n_conv=3",40,1500,MSELoss(),0.005,0,0.5,1e-08,"(0.9, 0.999)",1e-08,0,False,128,False,3
3e7cf_00105,38.55785411509045,15,0.6071960926055908,True,15,2023-06-28_22-50-18,1687989018,28.64107394218445,23996,storm.cs.nott.ac.uk,10.148.136.74,28.64107394218445,15,"105_amsgrad=False,batch_size=40,bias=False,dim=32,eps=0.0000,lr0=0.0050,n_conv=3",40,1500,MSELoss(),0.005,0,0.5,1e-08,"(0.9, 0.999)",1e-09,0,False,32,False,3
3e7cf_00106,38.42977035253995,15,0.6763327121734619,True,15,2023-06-28_22-50-52,1687989052,29.105705738067627,24430,storm.cs.nott.ac.uk,10.148.136.74,29.105705738067627,15,"106_amsgrad=False,batch_size=40,bias=False,dim=64,eps=0.0000,lr0=0.0050,n_conv=3",40,1500,MSELoss(),0.005,0,0.5,1e-08,"(0.9, 0.999)",1e-09,0,False,64,False,3
3e7cf_00107,33.83490271137687,60,0.6359374523162842,True,60,2023-06-28_22-51-58,1687989118,58.756102561950684,24882,storm.cs.nott.ac.uk,10.148.136.74,58.756102561950684,60,"107_amsgrad=False,batch_size=40,bias=True,dim=128,eps=0.0000,lr0=0.0050,n_conv=3",40,1500,MSELoss(),0.005,0,0.5,1e-08,"(0.9, 0.999)",1e-09,0,False,128,True,3
3e7cf_00108,38.30239731717673,15,0.6106898784637451,True,15,2023-06-28_22-52-32,1687989152,28.35146403312683,25623,storm.cs.nott.ac.uk,10.148.136.74,28.35146403312683,15,"108_amsgrad=False,batch_size=40,bias=True,dim=32,eps=0.0000,lr0=0.0500,n_conv=1",40,1500,MSELoss(),0.05,0,0.5,1e-08,"(0.9, 0.999)",1e-08,0,False,32,True,1
3e7cf_00109,41.17704351994541,15,0.5766923427581787,True,15,2023-06-28_22-53-07,1687989187,28.51073408126831,26068,storm.cs.nott.ac.uk,10.148.136.74,28.51073408126831,15,"109_amsgrad=False,batch_size=40,bias=False,dim=64,eps=0.0000,lr0=0.0500,n_conv=1",40,1500,MSELoss(),0.05,0,0.5,1e-08,"(0.9, 0.999)",1e-08,0,False,64,False,1
3e7cf_00110,34.49348058318944,60,0.5721499919891357,True,60,2023-06-28_22-54-08,1687989248,54.915836811065674,26517,storm.cs.nott.ac.uk,10.148.136.74,54.915836811065674,60,"110_amsgrad=False,batch_size=40,bias=False,dim=128,eps=0.0000,lr0=0.0500,n_conv=1",40,1500,MSELoss(),0.05,0,0.5,1e-08,"(0.9, 0.999)",1e-08,0,False,128,False,1
3e7cf_00111,38.3511661655908,15,0.6063992977142334,True,15,2023-06-28_22-54-43,1687989283,28.619811534881592,27191,storm.cs.nott.ac.uk,10.148.136.74,28.619811534881592,15,"111_amsgrad=False,batch_size=40,bias=True,dim=32,eps=0.0000,lr0=0.0500,n_conv=1",40,1500,MSELoss(),0.05,0,0.5,1e-08,"(0.9, 0.999)",1e-09,0,False,32,True,1
3e7cf_00112,38.57766771925232,15,0.5788750648498535,True,15,2023-06-28_22-55-17,1687989317,28.318567991256714,27990,storm.cs.nott.ac.uk,10.148.136.74,28.318567991256714,15,"112_amsgrad=False,batch_size=40,bias=False,dim=64,eps=0.0000,lr0=0.0500,n_conv=1",40,1500,MSELoss(),0.05,0,0.5,1e-08,"(0.9, 0.999)",1e-09,0,False,64,False,1
3e7cf_00113,25.48281769712767,240,0.5709834098815918,True,240,2023-06-28_22-58-01,1687989481,157.91212487220764,30215,storm.cs.nott.ac.uk,10.148.136.74,157.91212487220764,240,"113_amsgrad=False,batch_size=40,bias=False,dim=128,eps=0.0000,lr0=0.0500,n_conv=1",40,1500,MSELoss(),0.05,0,0.5,1e-08,"(0.9, 0.999)",1e-09,0,False,128,False,1
3e7cf_00114,38.88094784320064,15,0.6048049926757812,True,15,2023-06-28_22-58-37,1687989517,28.31431269645691,31970,storm.cs.nott.ac.uk,10.148.136.74,28.31431269645691,15,"114_amsgrad=False,batch_size=40,bias=True,dim=32,eps=0.0000,lr0=0.0100,n_conv=1",40,1500,MSELoss(),0.01,0,0.5,1e-08,"(0.9, 0.999)",1e-08,0,False,32,True,1
3e7cf_00115,38.485258974082484,15,0.5785074234008789,True,15,2023-06-28_22-59-11,1687989551,28.757307291030884,32434,storm.cs.nott.ac.uk,10.148.136.74,28.757307291030884,15,"115_amsgrad=False,batch_size=40,bias=False,dim=64,eps=0.0000,lr0=0.0100,n_conv=1",40,1500,MSELoss(),0.01,0,0.5,1e-08,"(0.9, 0.999)",1e-08,0,False,64,False,1
3e7cf_00116,38.66844910531545,15,0.5847117900848389,True,15,2023-06-28_22-59-46,1687989586,28.211219310760498,413,storm.cs.nott.ac.uk,10.148.136.74,28.211219310760498,15,"116_amsgrad=False,batch_size=40,bias=False,dim=128,eps=0.0000,lr0=0.0100,n_conv=1",40,1500,MSELoss(),0.01,0,0.5,1e-08,"(0.9, 0.999)",1e-08,0,False,128,False,1
3e7cf_00117,38.90842005563393,15,0.589801549911499,True,15,2023-06-28_23-00-21,1687989621,28.446189880371094,906,storm.cs.nott.ac.uk,10.148.136.74,28.446189880371094,15,"117_amsgrad=False,batch_size=40,bias=False,dim=32,eps=0.0000,lr0=0.0100,n_conv=1",40,1500,MSELoss(),0.01,0,0.5,1e-08,"(0.9, 0.999)",1e-09,0,False,32,False,1
3e7cf_00118,38.46729419426253,15,0.6009423732757568,True,15,2023-06-28_23-00-56,1687989656,28.873616218566895,1368,storm.cs.nott.ac.uk,10.148.136.74,28.873616218566895,15,"118_amsgrad=False,batch_size=40,bias=True,dim=64,eps=0.0000,lr0=0.0100,n_conv=1",40,1500,MSELoss(),0.01,0,0.5,1e-08,"(0.9, 0.999)",1e-09,0,False,64,True,1
3e7cf_00119,38.68723824716537,15,0.5478291511535645,True,15,2023-06-28_23-01-30,1687989690,27.9793221950531,1838,storm.cs.nott.ac.uk,10.148.136.74,27.9793221950531,15,"119_amsgrad=False,batch_size=40,bias=True,dim=128,eps=0.0000,lr0=0.0100,n_conv=1",40,1500,MSELoss(),0.01,0,0.5,1e-08,"(0.9, 0.999)",1e-09,0,False,128,True,1
3e7cf_00120,39.03095916389335,15,0.5994808673858643,True,15,2023-06-28_23-02-04,1687989724,28.038769006729126,2311,storm.cs.nott.ac.uk,10.148.136.74,28.038769006729126,15,"120_amsgrad=False,batch_size=40,bias=False,dim=32,eps=0.0000,lr0=0.0050,n_conv=1",40,1500,MSELoss(),0.005,0,0.5,1e-08,"(0.9, 0.999)",1e-08,0,False,32,False,1
3e7cf_00121,39.200874003404245,15,0.5911865234375,True,15,2023-06-28_23-02-39,1687989759,28.18166995048523,2771,storm.cs.nott.ac.uk,10.148.136.74,28.18166995048523,15,"121_amsgrad=False,batch_size=40,bias=True,dim=64,eps=0.0000,lr0=0.0050,n_conv=1",40,1500,MSELoss(),0.005,0,0.5,1e-08,"(0.9, 0.999)",1e-08,0,False,64,True,1
3e7cf_00122,38.74516046308101,15,0.5979559421539307,True,15,2023-06-28_23-03-13,1687989793,28.187275171279907,3231,storm.cs.nott.ac.uk,10.148.136.74,28.187275171279907,15,"122_amsgrad=False,batch_size=40,bias=True,dim=128,eps=0.0000,lr0=0.0050,n_conv=1",40,1500,MSELoss(),0.005,0,0.5,1e-08,"(0.9, 0.999)",1e-08,0,False,128,True,1
3e7cf_00123,39.03104440019648,15,0.604168176651001,True,15,2023-06-28_23-03-48,1687989828,28.547707080841064,3643,storm.cs.nott.ac.uk,10.148.136.74,28.547707080841064,15,"123_amsgrad=False,batch_size=40,bias=False,dim=32,eps=0.0000,lr0=0.0050,n_conv=1",40,1500,MSELoss(),0.005,0,0.5,1e-08,"(0.9, 0.999)",1e-09,0,False,32,False,1
3e7cf_00124,39.20114496291428,15,0.5633225440979004,True,15,2023-06-28_23-04-23,1687989863,28.435131311416626,4360,storm.cs.nott.ac.uk,10.148.136.74,28.435131311416626,15,"124_amsgrad=False,batch_size=40,bias=True,dim=64,eps=0.0000,lr0=0.0050,n_conv=1",40,1500,MSELoss(),0.005,0,0.5,1e-08,"(0.9, 0.999)",1e-09,0,False,64,True,1
3e7cf_00125,38.74663279038379,15,0.5726056098937988,True,15,2023-06-28_23-04-57,1687989897,28.624916315078735,4777,storm.cs.nott.ac.uk,10.148.136.74,28.624916315078735,15,"125_amsgrad=False,batch_size=40,bias=False,dim=128,eps=0.0000,lr0=0.0050,n_conv=1",40,1500,MSELoss(),0.005,0,0.5,1e-08,"(0.9, 0.999)",1e-09,0,False,128,False,1
3e7cf_00126,34.11619704876223,60,0.606438398361206,True,60,2023-06-28_23-06-01,1687989961,56.830477714538574,5252,storm.cs.nott.ac.uk,10.148.136.74,56.830477714538574,60,"126_amsgrad=False,batch_size=40,bias=True,dim=32,eps=0.0000,lr0=0.0500,n_conv=2",40,1500,MSELoss(),0.05,0,0.5,1e-08,"(0.9, 0.999)",1e-08,0,False,32,True,2
3e7cf_00127,32.91857820851898,60,0.631213903427124,True,60,2023-06-28_23-07-04,1687990024,56.79568433761597,5980,storm.cs.nott.ac.uk,10.148.136.74,56.79568433761597,60,"127_amsgrad=False,batch_size=40,bias=False,dim=64,eps=0.0000,lr0=0.0500,n_conv=2",40,1500,MSELoss(),0.05,0,0.5,1e-08,"(0.9, 0.999)",1e-08,0,False,64,False,2
3e7cf_00128,43.56927049400998,15,0.6179592609405518,True,15,2023-06-28_23-07-39,1687990059,28.939157962799072,6700,storm.cs.nott.ac.uk,10.148.136.74,28.939157962799072,15,"128_amsgrad=False,batch_size=40,bias=False,dim=128,eps=0.0000,lr0=0.0500,n_conv=2",40,1500,MSELoss(),0.05,0,0.5,1e-08,"(0.9, 0.999)",1e-08,0,False,128,False,2
3e7cf_00129,33.69485023946014,60,0.6203033924102783,True,60,2023-06-28_23-08-42,1687990122,55.97426438331604,7149,storm.cs.nott.ac.uk,10.148.136.74,55.97426438331604,60,"129_amsgrad=False,batch_size=40,bias=False,dim=32,eps=0.0000,lr0=0.0500,n_conv=2",40,1500,MSELoss(),0.05,0,0.5,1e-08,"(0.9, 0.999)",1e-09,0,False,32,False,2
3e7cf_00130,39.99344231851627,15,0.6141786575317383,True,15,2023-06-28_23-09-17,1687990157,28.885406255722046,7902,storm.cs.nott.ac.uk,10.148.136.74,28.885406255722046,15,"130_amsgrad=False,batch_size=40,bias=False,dim=64,eps=0.0000,lr0=0.0500,n_conv=2",40,1500,MSELoss(),0.05,0,0.5,1e-08,"(0.9, 0.999)",1e-09,0,False,64,False,2
3e7cf_00131,46.77042683242218,15,0.6413724422454834,True,15,2023-06-28_23-09-52,1687990192,29.10996103286743,8357,storm.cs.nott.ac.uk,10.148.136.74,29.10996103286743,15,"131_amsgrad=False,batch_size=40,bias=True,dim=128,eps=0.0000,lr0=0.0500,n_conv=2",40,1500,MSELoss(),0.05,0,0.5,1e-08,"(0.9, 0.999)",1e-09,0,False,128,True,2
3e7cf_00132,38.517496996427376,15,0.6030788421630859,True,15,2023-06-28_23-10-27,1687990227,28.602205991744995,8783,storm.cs.nott.ac.uk,10.148.136.74,28.602205991744995,15,"132_amsgrad=False,batch_size=40,bias=False,dim=32,eps=0.0000,lr0=0.0100,n_conv=2",40,1500,MSELoss(),0.01,0,0.5,1e-08,"(0.9, 0.999)",1e-08,0,False,32,False,2
3e7cf_00133,38.5934094077854,15,0.6494088172912598,True,15,2023-06-28_23-11-02,1687990262,29.033164262771606,9221,storm.cs.nott.ac.uk,10.148.136.74,29.033164262771606,15,"133_amsgrad=False,batch_size=40,bias=True,dim=64,eps=0.0000,lr0=0.0100,n_conv=2",40,1500,MSELoss(),0.01,0,0.5,1e-08,"(0.9, 0.999)",1e-08,0,False,64,True,2
3e7cf_00134,47.1619800640761,15,0.6142053604125977,True,15,2023-06-28_23-11-37,1687990297,28.958218574523926,9666,storm.cs.nott.ac.uk,10.148.136.74,28.958218574523926,15,"134_amsgrad=False,batch_size=40,bias=True,dim=128,eps=0.0000,lr0=0.0100,n_conv=2",40,1500,MSELoss(),0.01,0,0.5,1e-08,"(0.9, 0.999)",1e-08,0,False,128,True,2
3e7cf_00135,38.499561045244626,15,0.6098003387451172,True,15,2023-06-28_23-12-12,1687990332,28.81546115875244,10126,storm.cs.nott.ac.uk,10.148.136.74,28.81546115875244,15,"135_amsgrad=False,batch_size=40,bias=False,dim=32,eps=0.0000,lr0=0.0100,n_conv=2",40,1500,MSELoss(),0.01,0,0.5,1e-08,"(0.9, 0.999)",1e-09,0,False,32,False,2
3e7cf_00136,38.55773775661717,15,0.633429765701294,True,15,2023-06-28_23-12-47,1687990367,29.03129744529724,10560,storm.cs.nott.ac.uk,10.148.136.74,29.03129744529724,15,"136_amsgrad=False,batch_size=40,bias=False,dim=64,eps=0.0000,lr0=0.0100,n_conv=2",40,1500,MSELoss(),0.01,0,0.5,1e-08,"(0.9, 0.999)",1e-09,0,False,64,False,2
3e7cf_00137,46.607876068441335,15,0.6058971881866455,True,15,2023-06-28_23-13-23,1687990403,29.071712732315063,11038,storm.cs.nott.ac.uk,10.148.136.74,29.071712732315063,15,"137_amsgrad=False,batch_size=40,bias=False,dim=128,eps=0.0000,lr0=0.0100,n_conv=2",40,1500,MSELoss(),0.01,0,0.5,1e-08,"(0.9, 0.999)",1e-09,0,False,128,False,2
3e7cf_00138,38.368971397884515,15,0.609412431716919,True,15,2023-06-28_23-13-58,1687990438,28.533434629440308,11560,storm.cs.nott.ac.uk,10.148.136.74,28.533434629440308,15,"138_amsgrad=False,batch_size=40,bias=True,dim=32,eps=0.0000,lr0=0.0050,n_conv=2",40,1500,MSELoss(),0.005,0,0.5,1e-08,"(0.9, 0.999)",1e-08,0,False,32,True,2
3e7cf_00139,39.28413691950645,15,0.6202306747436523,True,15,2023-06-28_23-14-33,1687990473,28.80773949623108,12002,storm.cs.nott.ac.uk,10.148.136.74,28.80773949623108,15,"139_amsgrad=False,batch_size=40,bias=False,dim=64,eps=0.0000,lr0=0.0050,n_conv=2",40,1500,MSELoss(),0.005,0,0.5,1e-08,"(0.9, 0.999)",1e-08,0,False,64,False,2
3e7cf_00140,42.80340436808956,15,0.6091642379760742,True,15,2023-06-28_23-15-08,1687990508,28.690569162368774,12435,storm.cs.nott.ac.uk,10.148.136.74,28.690569162368774,15,"140_amsgrad=False,batch_size=40,bias=False,dim=128,eps=0.0000,lr0=0.0050,n_conv=2",40,1500,MSELoss(),0.005,0,0.5,1e-08,"(0.9, 0.999)",1e-08,0,False,128,False,2
3e7cf_00141,38.35654822316395,15,0.6065824031829834,True,15,2023-06-28_23-15-43,1687990543,28.77390480041504,12910,storm.cs.nott.ac.uk,10.148.136.74,28.77390480041504,15,"141_amsgrad=False,batch_size=40,bias=True,dim=32,eps=0.0000,lr0=0.0050,n_conv=2",40,1500,MSELoss(),0.005,0,0.5,1e-08,"(0.9, 0.999)",1e-09,0,False,32,True,2
3e7cf_00142,39.27706611781557,15,0.629910945892334,True,15,2023-06-28_23-16-18,1687990578,28.97413969039917,13345,storm.cs.nott.ac.uk,10.148.136.74,28.97413969039917,15,"142_amsgrad=False,batch_size=40,bias=False,dim=64,eps=0.0000,lr0=0.0050,n_conv=2",40,1500,MSELoss(),0.005,0,0.5,1e-08,"(0.9, 0.999)",1e-09,0,False,64,False,2
3e7cf_00143,42.90881434183859,15,0.6048355102539062,True,15,2023-06-28_23-16-54,1687990614,28.925222396850586,13804,storm.cs.nott.ac.uk,10.148.136.74,28.925222396850586,15,"143_amsgrad=False,batch_size=40,bias=False,dim=128,eps=0.0000,lr0=0.0050,n_conv=2",40,1500,MSELoss(),0.005,0,0.5,1e-08,"(0.9, 0.999)",1e-09,0,False,128,False,2
3e7cf_00144,41.109728142298025,60,0.6447675228118896,True,60,2023-06-28_23-17-58,1687990678,57.87362742424011,14244,storm.cs.nott.ac.uk,10.148.136.74,57.87362742424011,60,"144_amsgrad=False,batch_size=40,bias=False,dim=32,eps=0.0000,lr0=0.0500,n_conv=3",40,1500,MSELoss(),0.05,0,0.5,1e-08,"(0.9, 0.999)",1e-08,0,False,32,False,3
3e7cf_00145,40.59573702632717,60,0.6230838298797607,True,60,2023-06-28_23-19-02,1687990742,57.47235131263733,14959,storm.cs.nott.ac.uk,10.148.136.74,57.47235131263733,60,"145_amsgrad=False,batch_size=40,bias=False,dim=64,eps=0.0000,lr0=0.0500,n_conv=3",40,1500,MSELoss(),0.05,0,0.5,1e-08,"(0.9, 0.999)",1e-08,0,False,64,False,3
3e7cf_00146,34.961567516689975,60,0.6660244464874268,True,60,2023-06-28_23-20-08,1687990808,58.34208869934082,15702,storm.cs.nott.ac.uk,10.148.136.74,58.34208869934082,60,"146_amsgrad=False,batch_size=40,bias=True,dim=128,eps=0.0000,lr0=0.0500,n_conv=3",40,1500,MSELoss(),0.05,0,0.5,1e-08,"(0.9, 0.999)",1e-08,0,False,128,True,3
3e7cf_00147,35.274056393229635,60,0.6209325790405273,True,60,2023-06-28_23-21-13,1687990873,57.58747744560242,16447,storm.cs.nott.ac.uk,10.148.136.74,57.58747744560242,60,"147_amsgrad=False,batch_size=40,bias=True,dim=32,eps=0.0000,lr0=0.0500,n_conv=3",40,1500,MSELoss(),0.05,0,0.5,1e-08,"(0.9, 0.999)",1e-09,0,False,32,True,3
3e7cf_00148,31.963485118871088,60,0.6140363216400146,True,60,2023-06-28_23-22-18,1687990938,57.99430322647095,17179,storm.cs.nott.ac.uk,10.148.136.74,57.99430322647095,60,"148_amsgrad=False,batch_size=40,bias=False,dim=64,eps=0.0000,lr0=0.0500,n_conv=3",40,1500,MSELoss(),0.05,0,0.5,1e-08,"(0.9, 0.999)",1e-09,0,False,64,False,3
3e7cf_00149,38.092023912131175,60,0.628331184387207,True,60,2023-06-28_23-23-23,1687991003,58.4733726978302,17925,storm.cs.nott.ac.uk,10.148.136.74,58.4733726978302,60,"149_amsgrad=False,batch_size=40,bias=True,dim=128,eps=0.0000,lr0=0.0500,n_conv=3",40,1500,MSELoss(),0.05,0,0.5,1e-08,"(0.9, 0.999)",1e-09,0,False,128,True,3
3e7cf_00150,38.656324163439514,15,0.6292190551757812,True,15,2023-06-28_23-23-59,1687991039,29.357454538345337,18685,storm.cs.nott.ac.uk,10.148.136.74,29.357454538345337,15,"150_amsgrad=False,batch_size=40,bias=False,dim=32,eps=0.0000,lr0=0.0100,n_conv=3",40,1500,MSELoss(),0.01,0,0.5,1e-08,"(0.9, 0.999)",1e-08,0,False,32,False,3
3e7cf_00151,32.79027657368592,60,0.6299142837524414,True,60,2023-06-28_23-25-03,1687991103,58.472238540649414,19162,storm.cs.nott.ac.uk,10.148.136.74,58.472238540649414,60,"151_amsgrad=False,batch_size=40,bias=True,dim=64,eps=0.0000,lr0=0.0100,n_conv=3",40,1500,MSELoss(),0.01,0,0.5,1e-08,"(0.9, 0.999)",1e-08,0,False,64,True,3
3e7cf_00152,38.31008625821342,15,0.6440868377685547,True,15,2023-06-28_23-25-39,1687991139,29.12552785873413,19965,storm.cs.nott.ac.uk,10.148.136.74,29.12552785873413,15,"152_amsgrad=False,batch_size=40,bias=True,dim=128,eps=0.0000,lr0=0.0100,n_conv=3",40,1500,MSELoss(),0.01,0,0.5,1e-08,"(0.9, 0.999)",1e-08,0,False,128,True,3
3e7cf_00153,38.39543308246013,15,0.6293990612030029,True,15,2023-06-28_23-26-14,1687991174,29.064021825790405,20450,storm.cs.nott.ac.uk,10.148.136.74,29.064021825790405,15,"153_amsgrad=False,batch_size=40,bias=False,dim=32,eps=0.0000,lr0=0.0100,n_conv=3",40,1500,MSELoss(),0.01,0,0.5,1e-08,"(0.9, 0.999)",1e-09,0,False,32,False,3
3e7cf_00154,41.06031190142855,60,0.6530447006225586,True,60,2023-06-28_23-27-19,1687991239,58.886188983917236,20879,storm.cs.nott.ac.uk,10.148.136.74,58.886188983917236,60,"154_amsgrad=False,batch_size=40,bias=True,dim=64,eps=0.0000,lr0=0.0100,n_conv=3",40,1500,MSELoss(),0.01,0,0.5,1e-08,"(0.9, 0.999)",1e-09,0,False,64,True,3
3e7cf_00155,35.26908951878451,60,0.6157188415527344,True,60,2023-06-28_23-28-24,1687991304,57.996713638305664,21661,storm.cs.nott.ac.uk,10.148.136.74,57.996713638305664,60,"155_amsgrad=False,batch_size=40,bias=True,dim=128,eps=0.0000,lr0=0.0100,n_conv=3",40,1500,MSELoss(),0.01,0,0.5,1e-08,"(0.9, 0.999)",1e-09,0,False,128,True,3
3e7cf_00156,38.51213860279029,15,0.6229777336120605,True,15,2023-06-28_23-29-00,1687991340,29.14236807823181,22408,storm.cs.nott.ac.uk,10.148.136.74,29.14236807823181,15,"156_amsgrad=False,batch_size=40,bias=True,dim=32,eps=0.0000,lr0=0.0050,n_conv=3",40,1500,MSELoss(),0.005,0,0.5,1e-08,"(0.9, 0.999)",1e-08,0,False,32,True,3
3e7cf_00157,38.49279150170817,15,0.623816967010498,True,15,2023-06-28_23-29-35,1687991375,29.089207649230957,22882,storm.cs.nott.ac.uk,10.148.136.74,29.089207649230957,15,"157_amsgrad=False,batch_size=40,bias=True,dim=64,eps=0.0000,lr0=0.0050,n_conv=3",40,1500,MSELoss(),0.005,0,0.5,1e-08,"(0.9, 0.999)",1e-08,0,False,64,True,3
3e7cf_00158,35.847695222227294,60,0.6424295902252197,True,60,2023-06-28_23-30-40,1687991440,58.73744201660156,23329,storm.cs.nott.ac.uk,10.148.136.74,58.73744201660156,60,"158_amsgrad=False,batch_size=40,bias=False,dim=128,eps=0.0000,lr0=0.0050,n_conv=3",40,1500,MSELoss(),0.005,0,0.5,1e-08,"(0.9, 0.999)",1e-08,0,False,128,False,3
3e7cf_00159,38.55785411509045,15,0.6127221584320068,True,15,2023-06-28_23-31-16,1687991476,28.944602012634277,24091,storm.cs.nott.ac.uk,10.148.136.74,28.944602012634277,15,"159_amsgrad=False,batch_size=40,bias=False,dim=32,eps=0.0000,lr0=0.0050,n_conv=3",40,1500,MSELoss(),0.005,0,0.5,1e-08,"(0.9, 0.999)",1e-09,0,False,32,False,3
3e7cf_00160,38.50419262157743,15,0.6494498252868652,True,15,2023-06-28_23-31-51,1687991511,28.988734006881714,24528,storm.cs.nott.ac.uk,10.148.136.74,28.988734006881714,15,"160_amsgrad=False,batch_size=40,bias=False,dim=64,eps=0.0000,lr0=0.0050,n_conv=3",40,1500,MSELoss(),0.005,0,0.5,1e-08,"(0.9, 0.999)",1e-09,0,False,64,False,3
3e7cf_00161,32.42962082259423,60,0.6552813053131104,True,60,2023-06-28_23-32-56,1687991576,58.37891674041748,24968,storm.cs.nott.ac.uk,10.148.136.74,58.37891674041748,60,"161_amsgrad=False,batch_size=40,bias=False,dim=128,eps=0.0000,lr0=0.0050,n_conv=3",40,1500,MSELoss(),0.005,0,0.5,1e-08,"(0.9, 0.999)",1e-09,0,False,128,False,3
3e7cf_00162,38.302396393404265,15,0.6049449443817139,True,15,2023-06-28_23-33-32,1687991612,28.182855367660522,25747,storm.cs.nott.ac.uk,10.148.136.74,28.182855367660522,15,"162_amsgrad=False,batch_size=40,bias=True,dim=32,eps=0.0000,lr0=0.0500,n_conv=1",40,1500,MSELoss(),0.05,0,0.5,1e-08,"(0.9, 0.999)",1e-08,0,False,32,True,1
3e7cf_00163,40.942642020312846,15,0.5910677909851074,True,15,2023-06-28_23-34-06,1687991646,28.13257884979248,26215,storm.cs.nott.ac.uk,10.148.136.74,28.13257884979248,15,"163_amsgrad=False,batch_size=40,bias=False,dim=64,eps=0.0000,lr0=0.0500,n_conv=1",40,1500,MSELoss(),0.05,0,0.5,1e-08,"(0.9, 0.999)",1e-08,0,False,64,False,1
3e7cf_00164,28.59072355563373,240,0.5955219268798828,True,240,2023-06-28_23-36-55,1687991815,161.93981528282166,26630,storm.cs.nott.ac.uk,10.148.136.74,161.93981528282166,240,"164_amsgrad=False,batch_size=40,bias=False,dim=128,eps=0.0000,lr0=0.0500,n_conv=1",40,1500,MSELoss(),0.05,0,0.5,1e-08,"(0.9, 0.999)",1e-08,0,False,128,False,1
3e7cf_00165,38.35116960226723,15,0.5860462188720703,True,15,2023-06-28_23-37-31,1687991851,28.572927474975586,30599,storm.cs.nott.ac.uk,10.148.136.74,28.572927474975586,15,"165_amsgrad=False,batch_size=40,bias=False,dim=32,eps=0.0000,lr0=0.0500,n_conv=1",40,1500,MSELoss(),0.05,0,0.5,1e-08,"(0.9, 0.999)",1e-09,0,False,32,False,1
3e7cf_00166,38.580576081914415,15,0.5852186679840088,True,15,2023-06-28_23-38-06,1687991886,28.665676832199097,31080,storm.cs.nott.ac.uk,10.148.136.74,28.665676832199097,15,"166_amsgrad=False,batch_size=40,bias=False,dim=64,eps=0.0000,lr0=0.0500,n_conv=1",40,1500,MSELoss(),0.05,0,0.5,1e-08,"(0.9, 0.999)",1e-09,0,False,64,False,1
3e7cf_00167,27.416833838656462,240,0.5845301151275635,True,240,2023-06-28_23-40-52,1687992052,159.51006627082825,31496,storm.cs.nott.ac.uk,10.148.136.74,159.51006627082825,240,"167_amsgrad=False,batch_size=40,bias=True,dim=128,eps=0.0000,lr0=0.0500,n_conv=1",40,1500,MSELoss(),0.05,0,0.5,1e-08,"(0.9, 0.999)",1e-09,0,False,128,True,1
3e7cf_00168,38.88094627340461,15,0.5996010303497314,True,15,2023-06-28_23-41-29,1687992089,28.432449102401733,849,storm.cs.nott.ac.uk,10.148.136.74,28.432449102401733,15,"168_amsgrad=False,batch_size=40,bias=False,dim=32,eps=0.0000,lr0=0.0100,n_conv=1",40,1500,MSELoss(),0.01,0,0.5,1e-08,"(0.9, 0.999)",1e-08,0,False,32,False,1
3e7cf_00169,38.48526072091046,15,0.5766322612762451,True,15,2023-06-28_23-42-03,1687992123,28.16373372077942,1353,storm.cs.nott.ac.uk,10.148.136.74,28.16373372077942,15,"169_amsgrad=False,batch_size=40,bias=True,dim=64,eps=0.0000,lr0=0.0100,n_conv=1",40,1500,MSELoss(),0.01,0,0.5,1e-08,"(0.9, 0.999)",1e-08,0,False,64,True,1
3e7cf_00170,38.66846658233921,15,0.6091713905334473,True,15,2023-06-28_23-42-38,1687992158,28.196600198745728,1829,storm.cs.nott.ac.uk,10.148.136.74,28.196600198745728,15,"170_amsgrad=False,batch_size=40,bias=True,dim=128,eps=0.0000,lr0=0.0100,n_conv=1",40,1500,MSELoss(),0.01,0,0.5,1e-08,"(0.9, 0.999)",1e-08,0,False,128,True,1
3e7cf_00171,38.90842005563393,15,0.5727524757385254,True,15,2023-06-28_23-43-13,1687992193,28.54146122932434,2332,storm.cs.nott.ac.uk,10.148.136.74,28.54146122932434,15,"171_amsgrad=False,batch_size=40,bias=False,dim=32,eps=0.0000,lr0=0.0100,n_conv=1",40,1500,MSELoss(),0.01,0,0.5,1e-08,"(0.9, 0.999)",1e-09,0,False,32,False,1
3e7cf_00172,38.46809095062171,15,0.589684247970581,True,15,2023-06-28_23-43-48,1687992228,28.370909214019775,2782,storm.cs.nott.ac.uk,10.148.136.74,28.370909214019775,15,"172_amsgrad=False,batch_size=40,bias=False,dim=64,eps=0.0000,lr0=0.0100,n_conv=1",40,1500,MSELoss(),0.01,0,0.5,1e-08,"(0.9, 0.999)",1e-09,0,False,64,False,1
3e7cf_00173,38.68723758409252,15,0.5764198303222656,True,15,2023-06-28_23-44-23,1687992263,28.861616849899292,3247,storm.cs.nott.ac.uk,10.148.136.74,28.861616849899292,15,"173_amsgrad=False,batch_size=40,bias=False,dim=128,eps=0.0000,lr0=0.0100,n_conv=1",40,1500,MSELoss(),0.01,0,0.5,1e-08,"(0.9, 0.999)",1e-09,0,False,128,False,1
3e7cf_00174,39.03096007042241,15,0.574876070022583,True,15,2023-06-28_23-44-59,1687992299,28.518141508102417,3992,storm.cs.nott.ac.uk,10.148.136.74,28.518141508102417,15,"174_amsgrad=False,batch_size=40,bias=True,dim=32,eps=0.0000,lr0=0.0050,n_conv=1",40,1500,MSELoss(),0.005,0,0.5,1e-08,"(0.9, 0.999)",1e-08,0,False,32,True,1
3e7cf_00175,39.200875966558655,15,0.5828540325164795,True,15,2023-06-28_23-45-33,1687992333,28.28690791130066,4483,storm.cs.nott.ac.uk,10.148.136.74,28.28690791130066,15,"175_amsgrad=False,batch_size=40,bias=True,dim=64,eps=0.0000,lr0=0.0050,n_conv=1",40,1500,MSELoss(),0.005,0,0.5,1e-08,"(0.9, 0.999)",1e-08,0,False,64,True,1
3e7cf_00176,38.74454593235125,15,0.5820064544677734,True,15,2023-06-28_23-46-07,1687992367,28.54394817352295,4975,storm.cs.nott.ac.uk,10.148.136.74,28.54394817352295,15,"176_amsgrad=False,batch_size=40,bias=True,dim=128,eps=0.0000,lr0=0.0050,n_conv=1",40,1500,MSELoss(),0.005,0,0.5,1e-08,"(0.9, 0.999)",1e-08,0,False,128,True,1
3e7cf_00177,39.03104283643721,15,0.5755758285522461,True,15,2023-06-28_23-46-42,1687992402,28.544469833374023,5463,storm.cs.nott.ac.uk,10.148.136.74,28.544469833374023,15,"177_amsgrad=False,batch_size=40,bias=False,dim=32,eps=0.0000,lr0=0.0050,n_conv=1",40,1500,MSELoss(),0.005,0,0.5,1e-08,"(0.9, 0.999)",1e-09,0,False,32,False,1
3e7cf_00178,39.20114496291428,15,0.5784320831298828,True,15,2023-06-28_23-47-17,1687992437,28.12509846687317,6077,storm.cs.nott.ac.uk,10.148.136.74,28.12509846687317,15,"178_amsgrad=False,batch_size=40,bias=True,dim=64,eps=0.0000,lr0=0.0050,n_conv=1",40,1500,MSELoss(),0.005,0,0.5,1e-08,"(0.9, 0.999)",1e-09,0,False,64,True,1
3e7cf_00179,38.74663279038379,15,0.5832738876342773,True,15,2023-06-28_23-47-52,1687992472,28.39179253578186,6554,storm.cs.nott.ac.uk,10.148.136.74,28.39179253578186,15,"179_amsgrad=False,batch_size=40,bias=False,dim=128,eps=0.0000,lr0=0.0050,n_conv=1",40,1500,MSELoss(),0.005,0,0.5,1e-08,"(0.9, 0.999)",1e-09,0,False,128,False,1
3e7cf_00180,33.539774583893085,60,0.5925624370574951,True,60,2023-06-28_23-48-54,1687992534,56.276195764541626,6994,storm.cs.nott.ac.uk,10.148.136.74,56.276195764541626,60,"180_amsgrad=False,batch_size=40,bias=False,dim=32,eps=0.0000,lr0=0.0500,n_conv=2",40,1500,MSELoss(),0.05,0,0.5,1e-08,"(0.9, 0.999)",1e-08,0,False,32,False,2
3e7cf_00181,38.256443340615306,15,0.643275260925293,True,15,2023-06-28_23-49-30,1687992570,28.806750535964966,7705,storm.cs.nott.ac.uk,10.148.136.74,28.806750535964966,15,"181_amsgrad=False,batch_size=40,bias=False,dim=64,eps=0.0000,lr0=0.0500,n_conv=2",40,1500,MSELoss(),0.05,0,0.5,1e-08,"(0.9, 0.999)",1e-08,0,False,64,False,2
3e7cf_00182,44.017377314339456,15,0.6284871101379395,True,15,2023-06-28_23-50-05,1687992605,29.018566846847534,8152,storm.cs.nott.ac.uk,10.148.136.74,29.018566846847534,15,"182_amsgrad=False,batch_size=40,bias=True,dim=128,eps=0.0000,lr0=0.0500,n_conv=2",40,1500,MSELoss(),0.05,0,0.5,1e-08,"(0.9, 0.999)",1e-08,0,False,128,True,2
3e7cf_00183,34.49598267595158,60,0.6526930332183838,True,60,2023-06-28_23-51-07,1687992667,56.41765332221985,8711,storm.cs.nott.ac.uk,10.148.136.74,56.41765332221985,60,"183_amsgrad=False,batch_size=40,bias=False,dim=32,eps=0.0000,lr0=0.0500,n_conv=2",40,1500,MSELoss(),0.05,0,0.5,1e-08,"(0.9, 0.999)",1e-09,0,False,32,False,2
3e7cf_00184,39.99925308635898,15,0.5982224941253662,True,15,2023-06-28_23-51-43,1687992703,28.699937105178833,9451,storm.cs.nott.ac.uk,10.148.136.74,28.699937105178833,15,"184_amsgrad=False,batch_size=40,bias=False,dim=64,eps=0.0000,lr0=0.0500,n_conv=2",40,1500,MSELoss(),0.05,0,0.5,1e-08,"(0.9, 0.999)",1e-09,0,False,64,False,2
3e7cf_00185,47.3957184164079,15,0.607172966003418,True,15,2023-06-28_23-52-17,1687992737,28.630573511123657,9872,storm.cs.nott.ac.uk,10.148.136.74,28.630573511123657,15,"185_amsgrad=False,batch_size=40,bias=True,dim=128,eps=0.0000,lr0=0.0500,n_conv=2",40,1500,MSELoss(),0.05,0,0.5,1e-08,"(0.9, 0.999)",1e-09,0,False,128,True,2
3e7cf_00186,38.517496996427376,15,0.6392145156860352,True,15,2023-06-28_23-52-53,1687992773,29.008798360824585,10321,storm.cs.nott.ac.uk,10.148.136.74,29.008798360824585,15,"186_amsgrad=False,batch_size=40,bias=False,dim=32,eps=0.0000,lr0=0.0100,n_conv=2",40,1500,MSELoss(),0.01,0,0.5,1e-08,"(0.9, 0.999)",1e-08,0,False,32,False,2
3e7cf_00187,38.62498289263287,15,0.6082806587219238,True,15,2023-06-28_23-53-29,1687992809,28.97181749343872,10764,storm.cs.nott.ac.uk,10.148.136.74,28.97181749343872,15,"187_amsgrad=False,batch_size=40,bias=False,dim=64,eps=0.0000,lr0=0.0100,n_conv=2",40,1500,MSELoss(),0.01,0,0.5,1e-08,"(0.9, 0.999)",1e-08,0,False,64,False,2
3e7cf_00188,46.90323741882695,15,0.6315441131591797,True,15,2023-06-28_23-54-04,1687992844,29.00904369354248,11283,storm.cs.nott.ac.uk,10.148.136.74,29.00904369354248,15,"188_amsgrad=False,batch_size=40,bias=False,dim=128,eps=0.0000,lr0=0.0100,n_conv=2",40,1500,MSELoss(),0.01,0,0.5,1e-08,"(0.9, 0.999)",1e-08,0,False,128,False,2
3e7cf_00189,38.50914375661206,15,0.61556077003479,True,15,2023-06-28_23-54-39,1687992879,28.808849811553955,11740,storm.cs.nott.ac.uk,10.148.136.74,28.808849811553955,15,"189_amsgrad=False,batch_size=40,bias=False,dim=32,eps=0.0000,lr0=0.0100,n_conv=2",40,1500,MSELoss(),0.01,0,0.5,1e-08,"(0.9, 0.999)",1e-09,0,False,32,False,2
3e7cf_00190,38.55773775661717,15,0.601464033126831,True,15,2023-06-28_23-55-15,1687992915,28.465876817703247,12173,storm.cs.nott.ac.uk,10.148.136.74,28.465876817703247,15,"190_amsgrad=False,batch_size=40,bias=False,dim=64,eps=0.0000,lr0=0.0100,n_conv=2",40,1500,MSELoss(),0.01,0,0.5,1e-08,"(0.9, 0.999)",1e-09,0,False,64,False,2
3e7cf_00191,46.59080302867599,15,0.608656644821167,True,15,2023-06-28_23-55-50,1687992950,28.974718809127808,12605,storm.cs.nott.ac.uk,10.148.136.74,28.974718809127808,15,"191_amsgrad=False,batch_size=40,bias=True,dim=128,eps=0.0000,lr0=0.0100,n_conv=2",40,1500,MSELoss(),0.01,0,0.5,1e-08,"(0.9, 0.999)",1e-09,0,False,128,True,2
3e7cf_00192,38.36897072931155,15,0.6253817081451416,True,15,2023-06-28_23-56-25,1687992985,28.825381994247437,13067,storm.cs.nott.ac.uk,10.148.136.74,28.825381994247437,15,"192_amsgrad=False,batch_size=40,bias=True,dim=32,eps=0.0000,lr0=0.0050,n_conv=2",40,1500,MSELoss(),0.005,0,0.5,1e-08,"(0.9, 0.999)",1e-08,0,False,32,True,2
3e7cf_00193,39.284134712824,15,0.604149580001831,True,15,2023-06-28_23-57-00,1687993020,28.68628168106079,13530,storm.cs.nott.ac.uk,10.148.136.74,28.68628168106079,15,"193_amsgrad=False,batch_size=40,bias=True,dim=64,eps=0.0000,lr0=0.0050,n_conv=2",40,1500,MSELoss(),0.005,0,0.5,1e-08,"(0.9, 0.999)",1e-08,0,False,64,True,2
3e7cf_00194,42.8052275919601,15,0.5964305400848389,True,15,2023-06-28_23-57-36,1687993056,28.566905736923218,13952,storm.cs.nott.ac.uk,10.148.136.74,28.566905736923218,15,"194_amsgrad=False,batch_size=40,bias=True,dim=128,eps=0.0000,lr0=0.0050,n_conv=2",40,1500,MSELoss(),0.005,0,0.5,1e-08,"(0.9, 0.999)",1e-08,0,False,128,True,2
3e7cf_00195,38.35654755437443,15,0.6234481334686279,True,15,2023-06-28_23-58-11,1687993091,29.343813180923462,14386,storm.cs.nott.ac.uk,10.148.136.74,29.343813180923462,15,"195_amsgrad=False,batch_size=40,bias=True,dim=32,eps=0.0000,lr0=0.0050,n_conv=2",40,1500,MSELoss(),0.005,0,0.5,1e-08,"(0.9, 0.999)",1e-09,0,False,32,True,2
3e7cf_00196,39.27680180787791,15,0.6162290573120117,True,15,2023-06-28_23-58-46,1687993126,28.544829845428467,14871,storm.cs.nott.ac.uk,10.148.136.74,28.544829845428467,15,"196_amsgrad=False,batch_size=40,bias=False,dim=64,eps=0.0000,lr0=0.0050,n_conv=2",40,1500,MSELoss(),0.005,0,0.5,1e-08,"(0.9, 0.999)",1e-09,0,False,64,False,2
3e7cf_00197,42.909255955231465,15,0.6009385585784912,True,15,2023-06-28_23-59-21,1687993161,29.147814989089966,15310,storm.cs.nott.ac.uk,10.148.136.74,29.147814989089966,15,"197_amsgrad=False,batch_size=40,bias=True,dim=128,eps=0.0000,lr0=0.0050,n_conv=2",40,1500,MSELoss(),0.005,0,0.5,1e-08,"(0.9, 0.999)",1e-09,0,False,128,True,2
3e7cf_00198,38.15847441445758,15,0.6854329109191895,True,15,2023-06-28_23-59-57,1687993197,30.01224398612976,16569,storm.cs.nott.ac.uk,10.148.136.74,30.01224398612976,15,"198_amsgrad=False,batch_size=40,bias=True,dim=32,eps=0.0000,lr0=0.0500,n_conv=3",40,1500,MSELoss(),0.05,0,0.5,1e-08,"(0.9, 0.999)",1e-08,0,False,32,True,3
3e7cf_00199,39.19679020374476,60,0.672849178314209,True,60,2023-06-29_00-01-03,1687993263,59.57292342185974,23464,storm.cs.nott.ac.uk,10.148.136.74,59.57292342185974,60,"199_amsgrad=False,batch_size=40,bias=True,dim=64,eps=0.0000,lr0=0.0500,n_conv=3",40,1500,MSELoss(),0.05,0,0.5,1e-08,"(0.9, 0.999)",1e-08,0,False,64,True,3
3e7cf_00200,38.271888551452975,15,0.6552705764770508,True,15,2023-06-29_00-01-40,1687993300,29.625195264816284,27041,storm.cs.nott.ac.uk,10.148.136.74,29.625195264816284,15,"200_amsgrad=False,batch_size=40,bias=False,dim=128,eps=0.0000,lr0=0.0500,n_conv=3",40,1500,MSELoss(),0.05,0,0.5,1e-08,"(0.9, 0.999)",1e-08,0,False,128,False,3
3e7cf_00201,37.61167079818415,60,0.6557793617248535,True,60,2023-06-29_00-02-44,1687993364,58.660632371902466,27495,storm.cs.nott.ac.uk,10.148.136.74,58.660632371902466,60,"201_amsgrad=False,batch_size=40,bias=False,dim=32,eps=0.0000,lr0=0.0500,n_conv=3",40,1500,MSELoss(),0.05,0,0.5,1e-08,"(0.9, 0.999)",1e-09,0,False,32,False,3
3e7cf_00202,35.35247090023126,60,0.6357767581939697,True,60,2023-06-29_00-03-50,1687993430,58.60860896110535,30341,storm.cs.nott.ac.uk,10.148.136.74,58.60860896110535,60,"202_amsgrad=False,batch_size=40,bias=True,dim=64,eps=0.0000,lr0=0.0500,n_conv=3",40,1500,MSELoss(),0.05,0,0.5,1e-08,"(0.9, 0.999)",1e-09,0,False,64,True,3
3e7cf_00203,35.135242893440285,60,0.6403770446777344,True,60,2023-06-29_00-04-56,1687993496,58.66569638252258,31071,storm.cs.nott.ac.uk,10.148.136.74,58.66569638252258,60,"203_amsgrad=False,batch_size=40,bias=True,dim=128,eps=0.0000,lr0=0.0500,n_conv=3",40,1500,MSELoss(),0.05,0,0.5,1e-08,"(0.9, 0.999)",1e-09,0,False,128,True,3
3e7cf_00204,38.644139290823034,15,0.6344316005706787,True,15,2023-06-29_00-05-31,1687993531,29.003756761550903,31973,storm.cs.nott.ac.uk,10.148.136.74,29.003756761550903,15,"204_amsgrad=False,batch_size=40,bias=False,dim=32,eps=0.0000,lr0=0.0100,n_conv=3",40,1500,MSELoss(),0.01,0,0.5,1e-08,"(0.9, 0.999)",1e-08,0,False,32,False,3
3e7cf_00205,33.22410563685819,60,0.6299209594726562,True,60,2023-06-29_00-06-35,1687993595,57.52362084388733,476,storm.cs.nott.ac.uk,10.148.136.74,57.52362084388733,60,"205_amsgrad=False,batch_size=40,bias=False,dim=64,eps=0.0000,lr0=0.0100,n_conv=3",40,1500,MSELoss(),0.01,0,0.5,1e-08,"(0.9, 0.999)",1e-08,0,False,64,False,3
3e7cf_00206,38.3354480143294,15,0.6462812423706055,True,15,2023-06-29_00-07-11,1687993631,29.387933254241943,1275,storm.cs.nott.ac.uk,10.148.136.74,29.387933254241943,15,"206_amsgrad=False,batch_size=40,bias=True,dim=128,eps=0.0000,lr0=0.0100,n_conv=3",40,1500,MSELoss(),0.01,0,0.5,1e-08,"(0.9, 0.999)",1e-08,0,False,128,True,3
3e7cf_00207,38.428721763879736,15,0.6345951557159424,True,15,2023-06-29_00-07-46,1687993666,28.95569944381714,1758,storm.cs.nott.ac.uk,10.148.136.74,28.95569944381714,15,"207_amsgrad=False,batch_size=40,bias=True,dim=32,eps=0.0000,lr0=0.0100,n_conv=3",40,1500,MSELoss(),0.01,0,0.5,1e-08,"(0.9, 0.999)",1e-09,0,False,32,True,3
3e7cf_00208,27.4874682916768,240,0.6141438484191895,True,240,2023-06-29_00-10-45,1687993845,172.6664366722107,2234,storm.cs.nott.ac.uk,10.148.136.74,172.6664366722107,240,"208_amsgrad=False,batch_size=40,bias=False,dim=64,eps=0.0000,lr0=0.0100,n_conv=3",40,1500,MSELoss(),0.01,0,0.5,1e-08,"(0.9, 0.999)",1e-09,0,False,64,False,3
3e7cf_00209,32.289558487496,60,0.6400279998779297,True,60,2023-06-29_00-11-50,1687993910,57.27084279060364,4404,storm.cs.nott.ac.uk,10.148.136.74,57.27084279060364,60,"209_amsgrad=False,batch_size=40,bias=True,dim=128,eps=0.0000,lr0=0.0100,n_conv=3",40,1500,MSELoss(),0.01,0,0.5,1e-08,"(0.9, 0.999)",1e-09,0,False,128,True,3
3e7cf_00210,38.50969628080482,15,0.6551563739776611,True,15,2023-06-29_00-12-25,1687993945,28.93021559715271,5158,storm.cs.nott.ac.uk,10.148.136.74,28.93021559715271,15,"210_amsgrad=False,batch_size=40,bias=False,dim=32,eps=0.0000,lr0=0.0050,n_conv=3",40,1500,MSELoss(),0.005,0,0.5,1e-08,"(0.9, 0.999)",1e-08,0,False,32,False,3
3e7cf_00211,38.4927908352858,15,0.6749491691589355,True,15,2023-06-29_00-13-01,1687993981,28.99402141571045,5602,storm.cs.nott.ac.uk,10.148.136.74,28.99402141571045,15,"211_amsgrad=False,batch_size=40,bias=False,dim=64,eps=0.0000,lr0=0.0050,n_conv=3",40,1500,MSELoss(),0.005,0,0.5,1e-08,"(0.9, 0.999)",1e-08,0,False,64,False,3
3e7cf_00212,16.642878619027226,960,0.6533684730529785,True,960,2023-06-29_00-23-47,1687994627,639.8383009433746,6035,storm.cs.nott.ac.uk,10.148.136.74,639.8383009433746,960,"212_amsgrad=False,batch_size=40,bias=True,dim=128,eps=0.0000,lr0=0.0050,n_conv=3",40,1500,MSELoss(),0.005,0,0.5,1e-08,"(0.9, 0.999)",1e-08,0,False,128,True,3
3e7cf_00213,38.557852784494756,15,0.6325123310089111,True,15,2023-06-29_00-24-24,1687994664,29.0759379863739,12854,storm.cs.nott.ac.uk,10.148.136.74,29.0759379863739,15,"213_amsgrad=False,batch_size=40,bias=True,dim=32,eps=0.0000,lr0=0.0050,n_conv=3",40,1500,MSELoss(),0.005,0,0.5,1e-08,"(0.9, 0.999)",1e-09,0,False,32,True,3
3e7cf_00214,38.42977219396123,15,0.615103006362915,True,15,2023-06-29_00-25-00,1687994700,29.60333800315857,13319,storm.cs.nott.ac.uk,10.148.136.74,29.60333800315857,15,"214_amsgrad=False,batch_size=40,bias=False,dim=64,eps=0.0000,lr0=0.0050,n_conv=3",40,1500,MSELoss(),0.005,0,0.5,1e-08,"(0.9, 0.999)",1e-09,0,False,64,False,3
3e7cf_00215,32.89822301510828,60,0.6489307880401611,True,60,2023-06-29_00-26-05,1687994765,58.17968034744263,13770,storm.cs.nott.ac.uk,10.148.136.74,58.17968034744263,60,"215_amsgrad=False,batch_size=40,bias=False,dim=128,eps=0.0000,lr0=0.0050,n_conv=3",40,1500,MSELoss(),0.005,0,0.5,1e-08,"(0.9, 0.999)",1e-09,0,False,128,False,3
3e7cf_00216,38.30239546963179,15,0.5961384773254395,True,15,2023-06-29_00-26-40,1687994800,28.4034526348114,14534,storm.cs.nott.ac.uk,10.148.136.74,28.4034526348114,15,"216_amsgrad=False,batch_size=40,bias=True,dim=32,eps=0.0000,lr0=0.0500,n_conv=1",40,1500,MSELoss(),0.05,0,0.5,1e-08,"(0.9, 0.999)",1e-08,0,False,32,True,1
3e7cf_00217,41.1779643164225,15,0.590897798538208,True,15,2023-06-29_00-27-14,1687994834,28.352229118347168,14941,storm.cs.nott.ac.uk,10.148.136.74,28.352229118347168,15,"217_amsgrad=False,batch_size=40,bias=False,dim=64,eps=0.0000,lr0=0.0500,n_conv=1",40,1500,MSELoss(),0.05,0,0.5,1e-08,"(0.9, 0.999)",1e-08,0,False,64,False,1
3e7cf_00218,28.325756114131774,240,0.6155228614807129,True,240,2023-06-29_00-30-00,1687995000,159.52132844924927,15389,storm.cs.nott.ac.uk,10.148.136.74,159.52132844924927,240,"218_amsgrad=False,batch_size=40,bias=True,dim=128,eps=0.0000,lr0=0.0500,n_conv=1",40,1500,MSELoss(),0.05,0,0.5,1e-08,"(0.9, 0.999)",1e-08,0,False,128,True,1
3e7cf_00219,38.35116683447416,15,0.6097137928009033,True,15,2023-06-29_00-30-37,1687995037,28.74843430519104,18327,storm.cs.nott.ac.uk,10.148.136.74,28.74843430519104,15,"219_amsgrad=False,batch_size=40,bias=False,dim=32,eps=0.0000,lr0=0.0500,n_conv=1",40,1500,MSELoss(),0.05,0,0.5,1e-08,"(0.9, 0.999)",1e-09,0,False,32,False,1
3e7cf_00220,38.57766838420845,15,0.5927700996398926,True,15,2023-06-29_00-31-12,1687995072,28.388383865356445,18848,storm.cs.nott.ac.uk,10.148.136.74,28.388383865356445,15,"220_amsgrad=False,batch_size=40,bias=True,dim=64,eps=0.0000,lr0=0.0500,n_conv=1",40,1500,MSELoss(),0.05,0,0.5,1e-08,"(0.9, 0.999)",1e-09,0,False,64,True,1
3e7cf_00221,19.437773286766703,960,0.568809986114502,True,960,2023-06-29_00-40-58,1687995658,579.730429649353,19263,storm.cs.nott.ac.uk,10.148.136.74,579.730429649353,960,"221_amsgrad=False,batch_size=40,bias=True,dim=128,eps=0.0000,lr0=0.0500,n_conv=1",40,1500,MSELoss(),0.05,0,0.5,1e-08,"(0.9, 0.999)",1e-09,0,False,128,True,1
3e7cf_00222,38.88094693317396,15,0.5841329097747803,True,15,2023-06-29_00-41-34,1687995694,28.53398060798645,25212,storm.cs.nott.ac.uk,10.148.136.74,28.53398060798645,15,"222_amsgrad=False,batch_size=40,bias=False,dim=32,eps=0.0000,lr0=0.0100,n_conv=1",40,1500,MSELoss(),0.01,0,0.5,1e-08,"(0.9, 0.999)",1e-08,0,False,32,False,1
3e7cf_00223,38.485261387463225,15,0.5646822452545166,True,15,2023-06-29_00-42-09,1687995729,28.1567542552948,25720,storm.cs.nott.ac.uk,10.148.136.74,28.1567542552948,15,"223_amsgrad=False,batch_size=40,bias=False,dim=64,eps=0.0000,lr0=0.0100,n_conv=1",40,1500,MSELoss(),0.01,0,0.5,1e-08,"(0.9, 0.999)",1e-08,0,False,64,False,1
3e7cf_00224,38.66832681167954,15,0.5626327991485596,True,15,2023-06-29_00-42-43,1687995763,27.80318284034729,26149,storm.cs.nott.ac.uk,10.148.136.74,27.80318284034729,15,"224_amsgrad=False,batch_size=40,bias=True,dim=128,eps=0.0000,lr0=0.0100,n_conv=1",40,1500,MSELoss(),0.01,0,0.5,1e-08,"(0.9, 0.999)",1e-08,0,False,128,True,1
3e7cf_00225,38.90842005563393,15,0.5678443908691406,True,15,2023-06-29_00-43-17,1687995797,28.72763156890869,26584,storm.cs.nott.ac.uk,10.148.136.74,28.72763156890869,15,"225_amsgrad=False,batch_size=40,bias=False,dim=32,eps=0.0000,lr0=0.0100,n_conv=1",40,1500,MSELoss(),0.01,0,0.5,1e-08,"(0.9, 0.999)",1e-09,0,False,32,False,1
3e7cf_00226,38.468104908485245,15,0.5713763236999512,True,15,2023-06-29_00-43-52,1687995832,28.302356004714966,27051,storm.cs.nott.ac.uk,10.148.136.74,28.302356004714966,15,"226_amsgrad=False,batch_size=40,bias=True,dim=64,eps=0.0000,lr0=0.0100,n_conv=1",40,1500,MSELoss(),0.01,0,0.5,1e-08,"(0.9, 0.999)",1e-09,0,False,64,True,1
3e7cf_00227,38.68724073940459,15,0.5776872634887695,True,15,2023-06-29_00-44-26,1687995866,28.02376627922058,27546,storm.cs.nott.ac.uk,10.148.136.74,28.02376627922058,15,"227_amsgrad=False,batch_size=40,bias=True,dim=128,eps=0.0000,lr0=0.0100,n_conv=1",40,1500,MSELoss(),0.01,0,0.5,1e-08,"(0.9, 0.999)",1e-09,0,False,128,True,1
3e7cf_00228,39.03096007042241,15,0.5799481868743896,True,15,2023-06-29_00-45-01,1687995901,28.35175347328186,30134,storm.cs.nott.ac.uk,10.148.136.74,28.35175347328186,15,"228_amsgrad=False,batch_size=40,bias=True,dim=32,eps=0.0000,lr0=0.0050,n_conv=1",40,1500,MSELoss(),0.005,0,0.5,1e-08,"(0.9, 0.999)",1e-08,0,False,32,True,1
3e7cf_00229,39.200879486697374,15,0.5695805549621582,True,15,2023-06-29_00-45-36,1687995936,28.212501287460327,30575,storm.cs.nott.ac.uk,10.148.136.74,28.212501287460327,15,"229_amsgrad=False,batch_size=40,bias=True,dim=64,eps=0.0000,lr0=0.0050,n_conv=1",40,1500,MSELoss(),0.005,0,0.5,1e-08,"(0.9, 0.999)",1e-08,0,False,64,True,1
3e7cf_00230,38.74454659444333,15,0.5731081962585449,True,15,2023-06-29_00-46-10,1687995970,28.34234595298767,31013,storm.cs.nott.ac.uk,10.148.136.74,28.34234595298767,15,"230_amsgrad=False,batch_size=40,bias=False,dim=128,eps=0.0000,lr0=0.0050,n_conv=1",40,1500,MSELoss(),0.005,0,0.5,1e-08,"(0.9, 0.999)",1e-08,0,False,128,False,1
3e7cf_00231,39.03104440019648,15,0.581742525100708,True,15,2023-06-29_00-46-45,1687996005,28.07813549041748,31463,storm.cs.nott.ac.uk,10.148.136.74,28.07813549041748,15,"231_amsgrad=False,batch_size=40,bias=True,dim=32,eps=0.0000,lr0=0.0050,n_conv=1",40,1500,MSELoss(),0.005,0,0.5,1e-08,"(0.9, 0.999)",1e-09,0,False,32,True,1
3e7cf_00232,39.20114496291428,15,0.5981137752532959,True,15,2023-06-29_00-47-19,1687996039,28.141406536102295,31883,storm.cs.nott.ac.uk,10.148.136.74,28.141406536102295,15,"232_amsgrad=False,batch_size=40,bias=True,dim=64,eps=0.0000,lr0=0.0050,n_conv=1",40,1500,MSELoss(),0.005,0,0.5,1e-08,"(0.9, 0.999)",1e-09,0,False,64,True,1
3e7cf_00233,38.74663096402121,15,0.5779111385345459,True,15,2023-06-29_00-47-54,1687996074,28.190361499786377,32334,storm.cs.nott.ac.uk,10.148.136.74,28.190361499786377,15,"233_amsgrad=False,batch_size=40,bias=False,dim=128,eps=0.0000,lr0=0.0050,n_conv=1",40,1500,MSELoss(),0.005,0,0.5,1e-08,"(0.9, 0.999)",1e-09,0,False,128,False,1
3e7cf_00234,32.31025973893811,60,0.6092381477355957,True,60,2023-06-29_00-48-56,1687996136,56.19332814216614,32755,storm.cs.nott.ac.uk,10.148.136.74,56.19332814216614,60,"234_amsgrad=False,batch_size=40,bias=False,dim=32,eps=0.0000,lr0=0.0500,n_conv=2",40,1500,MSELoss(),0.05,0,0.5,1e-08,"(0.9, 0.999)",1e-08,0,False,32,False,2
3e7cf_00235,38.387761858272384,15,0.6276111602783203,True,15,2023-06-29_00-49-32,1687996172,28.813932418823242,1049,storm.cs.nott.ac.uk,10.148.136.74,28.813932418823242,15,"235_amsgrad=False,batch_size=40,bias=True,dim=64,eps=0.0000,lr0=0.0500,n_conv=2",40,1500,MSELoss(),0.05,0,0.5,1e-08,"(0.9, 0.999)",1e-08,0,False,64,True,2
3e7cf_00236,47.40018268933265,15,0.8267881870269775,True,15,2023-06-29_00-50-07,1687996207,29.187867403030396,1555,storm.cs.nott.ac.uk,10.148.136.74,29.187867403030396,15,"236_amsgrad=False,batch_size=40,bias=False,dim=128,eps=0.0000,lr0=0.0500,n_conv=2",40,1500,MSELoss(),0.05,0,0.5,1e-08,"(0.9, 0.999)",1e-08,0,False,128,False,2
3e7cf_00237,35.12000788929328,60,0.6197550296783447,True,60,2023-06-29_00-51-09,1687996269,56.392510414123535,2017,storm.cs.nott.ac.uk,10.148.136.74,56.392510414123535,60,"237_amsgrad=False,batch_size=40,bias=False,dim=32,eps=0.0000,lr0=0.0500,n_conv=2",40,1500,MSELoss(),0.05,0,0.5,1e-08,"(0.9, 0.999)",1e-09,0,False,32,False,2
3e7cf_00238,39.968742696611834,15,0.6341876983642578,True,15,2023-06-29_00-51-45,1687996305,28.86502194404602,2764,storm.cs.nott.ac.uk,10.148.136.74,28.86502194404602,15,"238_amsgrad=False,batch_size=40,bias=False,dim=64,eps=0.0000,lr0=0.0500,n_conv=2",40,1500,MSELoss(),0.05,0,0.5,1e-08,"(0.9, 0.999)",1e-09,0,False,64,False,2
3e7cf_00239,44.3795234923961,15,0.6187493801116943,True,15,2023-06-29_00-52-19,1687996339,28.89807939529419,3255,storm.cs.nott.ac.uk,10.148.136.74,28.89807939529419,15,"239_amsgrad=False,batch_size=40,bias=True,dim=128,eps=0.0000,lr0=0.0500,n_conv=2",40,1500,MSELoss(),0.05,0,0.5,1e-08,"(0.9, 0.999)",1e-09,0,False,128,True,2
3e7cf_00240,38.51749607781369,15,0.6065273284912109,True,15,2023-06-29_00-52-55,1687996375,28.775825262069702,3954,storm.cs.nott.ac.uk,10.148.136.74,28.775825262069702,15,"240_amsgrad=False,batch_size=40,bias=True,dim=32,eps=0.0000,lr0=0.0100,n_conv=2",40,1500,MSELoss(),0.01,0,0.5,1e-08,"(0.9, 0.999)",1e-08,0,False,32,True,2
3e7cf_00241,38.6249815643497,15,0.5845088958740234,True,15,2023-06-29_00-53-29,1687996409,28.536514282226562,4406,storm.cs.nott.ac.uk,10.148.136.74,28.536514282226562,15,"241_amsgrad=False,batch_size=40,bias=True,dim=64,eps=0.0000,lr0=0.0100,n_conv=2",40,1500,MSELoss(),0.01,0,0.5,1e-08,"(0.9, 0.999)",1e-08,0,False,64,True,2
3e7cf_00242,47.1619800640761,15,0.6098921298980713,True,15,2023-06-29_00-54-04,1687996444,28.57226300239563,4836,storm.cs.nott.ac.uk,10.148.136.74,28.57226300239563,15,"242_amsgrad=False,batch_size=40,bias=True,dim=128,eps=0.0000,lr0=0.0100,n_conv=2",40,1500,MSELoss(),0.01,0,0.5,1e-08,"(0.9, 0.999)",1e-08,0,False,128,True,2
3e7cf_00243,38.499084519211216,15,0.611752986907959,True,15,2023-06-29_00-54-38,1687996478,28.351821660995483,5279,storm.cs.nott.ac.uk,10.148.136.74,28.351821660995483,15,"243_amsgrad=False,batch_size=40,bias=False,dim=32,eps=0.0000,lr0=0.0100,n_conv=2",40,1500,MSELoss(),0.01,0,0.5,1e-08,"(0.9, 0.999)",1e-09,0,False,32,False,2
3e7cf_00244,38.545542648388846,15,0.6056694984436035,True,15,2023-06-29_00-55-13,1687996513,28.28239130973816,5706,storm.cs.nott.ac.uk,10.148.136.74,28.28239130973816,15,"244_amsgrad=False,batch_size=40,bias=False,dim=64,eps=0.0000,lr0=0.0100,n_conv=2",40,1500,MSELoss(),0.01,0,0.5,1e-08,"(0.9, 0.999)",1e-09,0,False,64,False,2
3e7cf_00245,46.59077857485374,15,0.6616837978363037,True,15,2023-06-29_00-55-48,1687996548,28.955034971237183,6160,storm.cs.nott.ac.uk,10.148.136.74,28.955034971237183,15,"245_amsgrad=False,batch_size=40,bias=False,dim=128,eps=0.0000,lr0=0.0100,n_conv=2",40,1500,MSELoss(),0.01,0,0.5,1e-08,"(0.9, 0.999)",1e-09,0,False,128,False,2
3e7cf_00246,38.36897072931155,15,0.612311601638794,True,15,2023-06-29_00-56-23,1687996583,28.97343158721924,6593,storm.cs.nott.ac.uk,10.148.136.74,28.97343158721924,15,"246_amsgrad=False,batch_size=40,bias=True,dim=32,eps=0.0000,lr0=0.0050,n_conv=2",40,1500,MSELoss(),0.005,0,0.5,1e-08,"(0.9, 0.999)",1e-08,0,False,32,True,2
3e7cf_00247,39.284134712824,15,0.612419843673706,True,15,2023-06-29_00-56-57,1687996617,28.78565287590027,7048,storm.cs.nott.ac.uk,10.148.136.74,28.78565287590027,15,"247_amsgrad=False,batch_size=40,bias=False,dim=64,eps=0.0000,lr0=0.0050,n_conv=2",40,1500,MSELoss(),0.005,0,0.5,1e-08,"(0.9, 0.999)",1e-08,0,False,64,False,2
3e7cf_00248,42.803403996104784,15,0.6086204051971436,True,15,2023-06-29_00-57-33,1687996653,28.77729368209839,7482,storm.cs.nott.ac.uk,10.148.136.74,28.77729368209839,15,"248_amsgrad=False,batch_size=40,bias=True,dim=128,eps=0.0000,lr0=0.0050,n_conv=2",40,1500,MSELoss(),0.005,0,0.5,1e-08,"(0.9, 0.999)",1e-08,0,False,128,True,2
3e7cf_00249,38.356548891953445,15,0.6178610324859619,True,15,2023-06-29_00-58-08,1687996688,28.92419719696045,7935,storm.cs.nott.ac.uk,10.148.136.74,28.92419719696045,15,"249_amsgrad=False,batch_size=40,bias=True,dim=32,eps=0.0000,lr0=0.0050,n_conv=2",40,1500,MSELoss(),0.005,0,0.5,1e-08,"(0.9, 0.999)",1e-09,0,False,32,True,2
3e7cf_00250,39.27611931427772,15,0.6230204105377197,True,15,2023-06-29_00-58-43,1687996723,28.70978021621704,8403,storm.cs.nott.ac.uk,10.148.136.74,28.70978021621704,15,"250_amsgrad=False,batch_size=40,bias=False,dim=64,eps=0.0000,lr0=0.0050,n_conv=2",40,1500,MSELoss(),0.005,0,0.5,1e-08,"(0.9, 0.999)",1e-09,0,False,64,False,2
3e7cf_00251,42.90925834655294,15,0.603050947189331,True,15,2023-06-29_00-59-18,1687996758,28.992088794708252,8843,storm.cs.nott.ac.uk,10.148.136.74,28.992088794708252,15,"251_amsgrad=False,batch_size=40,bias=True,dim=128,eps=0.0000,lr0=0.0050,n_conv=2",40,1500,MSELoss(),0.005,0,0.5,1e-08,"(0.9, 0.999)",1e-09,0,False,128,True,2
3e7cf_00252,35.25124989051325,60,0.6326980590820312,True,60,2023-06-29_01-00-22,1687996822,57.40194582939148,9317,storm.cs.nott.ac.uk,10.148.136.74,57.40194582939148,60,"252_amsgrad=False,batch_size=40,bias=True,dim=32,eps=0.0000,lr0=0.0500,n_conv=3",40,1500,MSELoss(),0.05,0,0.5,1e-08,"(0.9, 0.999)",1e-08,0,False,32,True,3
3e7cf_00253,48.66784185490543,60,0.6777524948120117,True,60,2023-06-29_01-01-27,1687996887,58.22418522834778,10041,storm.cs.nott.ac.uk,10.148.136.74,58.22418522834778,60,"253_amsgrad=False,batch_size=40,bias=False,dim=64,eps=0.0000,lr0=0.0500,n_conv=3",40,1500,MSELoss(),0.05,0,0.5,1e-08,"(0.9, 0.999)",1e-08,0,False,64,False,3
3e7cf_00254,36.600873031590275,60,0.5973048210144043,True,60,2023-06-29_01-02-31,1687996951,57.98345685005188,10799,storm.cs.nott.ac.uk,10.148.136.74,57.98345685005188,60,"254_amsgrad=False,batch_size=40,bias=False,dim=128,eps=0.0000,lr0=0.0500,n_conv=3",40,1500,MSELoss(),0.05,0,0.5,1e-08,"(0.9, 0.999)",1e-08,0,False,128,False,3
3e7cf_00255,36.93368690124693,60,0.6317234039306641,True,60,2023-06-29_01-03-36,1687997016,57.62544274330139,11617,storm.cs.nott.ac.uk,10.148.136.74,57.62544274330139,60,"255_amsgrad=False,batch_size=40,bias=False,dim=32,eps=0.0000,lr0=0.0500,n_conv=3",40,1500,MSELoss(),0.05,0,0.5,1e-08,"(0.9, 0.999)",1e-09,0,False,32,False,3
3e7cf_00256,33.82215167686521,60,0.6619467735290527,True,60,2023-06-29_01-04-41,1687997081,58.99867653846741,12334,storm.cs.nott.ac.uk,10.148.136.74,58.99867653846741,60,"256_amsgrad=False,batch_size=40,bias=True,dim=64,eps=0.0000,lr0=0.0500,n_conv=3",40,1500,MSELoss(),0.05,0,0.5,1e-08,"(0.9, 0.999)",1e-09,0,False,64,True,3
3e7cf_00257,35.180940253118926,60,0.6421337127685547,True,60,2023-06-29_01-05-46,1687997146,57.772496700286865,13118,storm.cs.nott.ac.uk,10.148.136.74,57.772496700286865,60,"257_amsgrad=False,batch_size=40,bias=True,dim=128,eps=0.0000,lr0=0.0500,n_conv=3",40,1500,MSELoss(),0.05,0,0.5,1e-08,"(0.9, 0.999)",1e-09,0,False,128,True,3
3e7cf_00258,38.6563234998364,15,0.6450936794281006,True,15,2023-06-29_01-06-23,1687997183,29.166688680648804,13867,storm.cs.nott.ac.uk,10.148.136.74,29.166688680648804,15,"258_amsgrad=False,batch_size=40,bias=False,dim=32,eps=0.0000,lr0=0.0100,n_conv=3",40,1500,MSELoss(),0.01,0,0.5,1e-08,"(0.9, 0.999)",1e-08,0,False,32,False,3
3e7cf_00259,35.280061321855264,60,0.6438238620758057,True,60,2023-06-29_01-07-26,1687997246,57.49423909187317,14316,storm.cs.nott.ac.uk,10.148.136.74,57.49423909187317,60,"259_amsgrad=False,batch_size=40,bias=True,dim=64,eps=0.0000,lr0=0.0100,n_conv=3",40,1500,MSELoss(),0.01,0,0.5,1e-08,"(0.9, 0.999)",1e-08,0,False,64,True,3
3e7cf_00260,38.24170992960601,15,0.6514995098114014,True,15,2023-06-29_01-08-02,1687997282,29.221011638641357,15064,storm.cs.nott.ac.uk,10.148.136.74,29.221011638641357,15,"260_amsgrad=False,batch_size=40,bias=False,dim=128,eps=0.0000,lr0=0.0100,n_conv=3",40,1500,MSELoss(),0.01,0,0.5,1e-08,"(0.9, 0.999)",1e-08,0,False,128,False,3
3e7cf_00261,38.384507962900976,15,0.6157259941101074,True,15,2023-06-29_01-08-37,1687997317,29.18754768371582,15517,storm.cs.nott.ac.uk,10.148.136.74,29.18754768371582,15,"261_amsgrad=False,batch_size=40,bias=True,dim=32,eps=0.0000,lr0=0.0100,n_conv=3",40,1500,MSELoss(),0.01,0,0.5,1e-08,"(0.9, 0.999)",1e-09,0,False,32,True,3
3e7cf_00262,34.125447192914486,60,0.6609413623809814,True,60,2023-06-29_01-09-41,1687997381,57.80901050567627,15921,storm.cs.nott.ac.uk,10.148.136.74,57.80901050567627,60,"262_amsgrad=False,batch_size=40,bias=True,dim=64,eps=0.0000,lr0=0.0100,n_conv=3",40,1500,MSELoss(),0.01,0,0.5,1e-08,"(0.9, 0.999)",1e-09,0,False,64,True,3
3e7cf_00263,35.876153087611215,60,0.6179618835449219,True,60,2023-06-29_01-10-45,1687997445,57.18885135650635,16681,storm.cs.nott.ac.uk,10.148.136.74,57.18885135650635,60,"263_amsgrad=False,batch_size=40,bias=False,dim=128,eps=0.0000,lr0=0.0100,n_conv=3",40,1500,MSELoss(),0.01,0,0.5,1e-08,"(0.9, 0.999)",1e-09,0,False,128,False,3
3e7cf_00264,38.50969853186414,15,0.6021761894226074,True,15,2023-06-29_01-11-20,1687997480,29.051228284835815,17421,storm.cs.nott.ac.uk,10.148.136.74,29.051228284835815,15,"264_amsgrad=False,batch_size=40,bias=True,dim=32,eps=0.0000,lr0=0.0050,n_conv=3",40,1500,MSELoss(),0.005,0,0.5,1e-08,"(0.9, 0.999)",1e-08,0,False,32,True,3
3e7cf_00265,38.491546259895756,15,0.6493558883666992,True,15,2023-06-29_01-11-56,1687997516,29.083184242248535,17874,storm.cs.nott.ac.uk,10.148.136.74,29.083184242248535,15,"265_amsgrad=False,batch_size=40,bias=True,dim=64,eps=0.0000,lr0=0.0050,n_conv=3",40,1500,MSELoss(),0.005,0,0.5,1e-08,"(0.9, 0.999)",1e-08,0,False,64,True,3
3e7cf_00266,36.5509019253384,60,0.6408023834228516,True,60,2023-06-29_01-13-01,1687997581,58.4763240814209,18308,storm.cs.nott.ac.uk,10.148.136.74,58.4763240814209,60,"266_amsgrad=False,batch_size=40,bias=True,dim=128,eps=0.0000,lr0=0.0050,n_conv=3",40,1500,MSELoss(),0.005,0,0.5,1e-08,"(0.9, 0.999)",1e-08,0,False,128,True,3
3e7cf_00267,38.55785411509045,15,0.6382465362548828,True,15,2023-06-29_01-13-36,1687997616,29.12442970275879,19060,storm.cs.nott.ac.uk,10.148.136.74,29.12442970275879,15,"267_amsgrad=False,batch_size=40,bias=False,dim=32,eps=0.0000,lr0=0.0050,n_conv=3",40,1500,MSELoss(),0.005,0,0.5,1e-08,"(0.9, 0.999)",1e-09,0,False,32,False,3
3e7cf_00268,38.42977219396123,15,0.6606755256652832,True,15,2023-06-29_01-14-12,1687997652,29.40851640701294,19547,storm.cs.nott.ac.uk,10.148.136.74,29.40851640701294,15,"268_amsgrad=False,batch_size=40,bias=True,dim=64,eps=0.0000,lr0=0.0050,n_conv=3",40,1500,MSELoss(),0.005,0,0.5,1e-08,"(0.9, 0.999)",1e-09,0,False,64,True,3
3e7cf_00269,33.50232606767228,60,0.6227807998657227,True,60,2023-06-29_01-15-17,1687997717,58.220086097717285,20003,storm.cs.nott.ac.uk,10.148.136.74,58.220086097717285,60,"269_amsgrad=False,batch_size=40,bias=False,dim=128,eps=0.0000,lr0=0.0050,n_conv=3",40,1500,MSELoss(),0.005,0,0.5,1e-08,"(0.9, 0.999)",1e-09,0,False,128,False,3
